{"type":"FeatureCollection","features":[{"type":"Feature","properties":{"phase_nom":"Phase 2 - Gemena-Boyabo-Zongo","longueur_km":46.8,"phase":2},"geometry":{"type":"LineString","coordinates":[[18.76922,4.10639,0.0],[18.76973,4.10680,0.0],[18.77022,4.10718,0.0],[18.77059,4.10748,0.0],[18.77160,4.10812,0.0],[18.77223,4.10849,0.0],[18.77282,4.10878,0.0],[18.77375,4.10923,0.0],[18.77471,4.10971,0.0],[18.77504,4.10989,0.0],[18.77528,4.11013,0.0],[18.77571,4.11071,0.0],[18.77595,4.11106,0.0],[18.77611,4.11124,0.0],[18.77718,4.11254,0.0],[18.77856,4.11440,0.0],[18.77972,4.11593,0.0],[18.78052,4.11700,0.0],[18.78122,4.11810,0.0],[18.78169,4.11883,0.0],[18.78233,4.11982,0.0],[18.78298,4.12087,0.0],[18.78325,4.12133,0.0],[18.78347,4.12178,0.0],[18.78369,4.12217,0.0],[18.78395,4.12262,0.0],[18.78415,4.12300,0.0],[18.78438,4.12339,0.0],[18.78470,4.12397,0.0],[18.78495,4.12443,0.0],[18.78530,4.12495,0.0],[18.78566,4.12549,0.0],[18.78609,4.12600,0.0],[18.78703,4.12711,0.0],[18.78798,4.12820,0.0],[18.78836,4.12859,0.0],[18.78874,4.12886,0.0],[18.78954,4.12942,0.0],[18.79030,4.12996,0.0],[18.79089,4.13043,0.0],[18.79157,4.13099,0.0],[18.79210,4.13164,0.0],[18.79243,4.13217,0.0],[18.79264,4.13256,0.0],[18.79319,4.13341,0.0],[18.79369,4.13424,0.0],[18.79416,4.13509,0.0],[18.79441,4.13551,0.0],[18.79466,4.13588,0.0],[18.79494,4.13638,0.0],[18.79498,4.13654,0.0],[18.79500,4.13668,0.0],[18.79501,4.13685,0.0],[18.79500,4.13701,0.0],[18.79493,4.13732,0.0],[18.79486,4.13768,0.0],[18.79480,4.13782,0.0],[18.79467,4.13812,0.0],[18.79292,4.14072,0.0],[18.79254,4.14129,0.0],[18.79217,4.14190,0.0],[18.79212,4.14210,0.0],[18.79209,4.14233,0.0],[18.79189,4.14330,0.0],[18.79170,4.14402,0.0],[18.79143,4.14494,0.0],[18.79121,4.14553,0.0],[18.79111,4.14570,0.0],[18.79087,4.14611,0.0],[18.79061,4.14670,0.0],[18.79025,4.14788,0.0],[18.79000,4.14864,0.0],[18.78996,4.14877,0.0],[18.78977,4.14931,0.0],[18.78970,4.14947,0.0],[18.78959,4.14961,0.0],[18.78931,4.14987,0.0],[18.78882,4.15016,0.0],[18.78826,4.15032,0.0],[18.78762,4.15043,0.0],[18.78714,4.15047,0.0],[18.78665,4.15043,0.0],[18.78618,4.15030,0.0],[18.78538,4.15001,0.0],[18.78416,4.14950,0.0],[18.78288,4.14890,0.0],[18.78248,4.14877,0.0],[18.78192,4.14867,0.0],[18.78160,4.14865,0.0],[18.78122,4.14870,0.0],[18.78085,4.14884,0.0],[18.78067,4.14896,0.0],[18.78043,4.14912,0.0],[18.77920,4.15010,0.0],[18.77867,4.15055,0.0],[18.77784,4.15121,0.0],[18.77721,4.15169,0.0],[18.77636,4.15233,0.0],[18.77581,4.15273,0.0],[18.77498,4.15340,0.0],[18.77462,4.15367,0.0],[18.77435,4.15390,0.0],[18.77422,4.15408,0.0],[18.77405,4.15432,0.0],[18.77386,4.15471,0.0],[18.77369,4.15517,0.0],[18.77347,4.15568,0.0],[18.77328,4.15610,0.0],[18.77295,4.15691,0.0],[18.77290,4.15722,0.0],[18.77291,4.15750,0.0],[18.77295,4.15775,0.0],[18.77305,4.15812,0.0],[18.77333,4.15875,0.0],[18.77396,4.16039,0.0],[18.77409,4.16073,0.0],[18.77436,4.16137,0.0],[18.77446,4.16166,0.0],[18.77454,4.16197,0.0],[18.77457,4.16235,0.0],[18.77456,4.16255,0.0],[18.77452,4.16280,0.0],[18.77450,4.16296,0.0],[18.77445,4.16312,0.0],[18.77439,4.1633,0.0],[18.77429,4.16351,0.0],[18.77416,4.16372,0.0],[18.77393,4.16395,0.0],[18.77351,4.16419,0.0],[18.77235,4.16469,0.0],[18.77173,4.16494,0.0],[18.77065,4.16546,0.0],[18.76992,4.16577,0.0],[18.76943,4.16596,0.0],[18.76901,4.16620,0.0],[18.76879,4.16631,0.0],[18.76861,4.16646,0.0],[18.76834,4.16670,0.0],[18.76806,4.16709,0.0],[18.76777,4.16746,0.0],[18.76757,4.16774,0.0],[18.76749,4.16787,0.0],[18.76704,4.16854,0.0],[18.76659,4.16919,0.0],[18.76635,4.16949,0.0],[18.76616,4.16968,0.0],[18.76591,4.16987,0.0],[18.76544,4.17010,0.0],[18.76478,4.17038,0.0],[18.76379,4.17085,0.0],[18.76244,4.17151,0.0],[18.76188,4.17189,0.0],[18.76122,4.17239,0.0],[18.75992,4.17350,0.0],[18.75941,4.17385,0.0],[18.75902,4.17415,0.0],[18.75845,4.17469,0.0],[18.75803,4.17520,0.0],[18.75706,4.17611,0.0],[18.75593,4.17726,0.0],[18.75477,4.17843,0.0],[18.75388,4.17933,0.0],[18.75275,4.18059,0.0],[18.75190,4.18149,0.0],[18.75011,4.18321,0.0],[18.74747,4.18580,0.0],[18.74711,4.18614,0.0],[18.74692,4.18640,0.0],[18.74651,4.18693,0.0],[18.74614,4.18796,0.0],[18.74569,4.18944,0.0],[18.74471,4.19176,0.0],[18.74398,4.19353,0.0],[18.74344,4.19462,0.0],[18.74306,4.19550,0.0],[18.74288,4.19677,0.0],[18.74263,4.19813,0.0],[18.74238,4.19903,0.0],[18.74215,4.19997,0.0],[18.74182,4.20066,0.0],[18.74157,4.20111,0.0],[18.74132,4.20184,0.0],[18.74090,4.20275,0.0],[18.74065,4.20306,0.0],[18.74042,4.20314,0.0],[18.74006,4.20315,0.0],[18.73952,4.20307,0.0],[18.73857,4.20296,0.0],[18.73759,4.20282,0.0],[18.73299,4.20233,0.0],[18.73140,4.20213,0.0],[18.73018,4.20198,0.0],[18.72925,4.20178,0.0],[18.72751,4.20135,0.0],[18.72607,4.20100,0.0],[18.72445,4.20046,0.0],[18.72412,4.20045,0.0],[18.72385,4.20051,0.0],[18.72360,4.20061,0.0],[18.72321,4.20080,0.0],[18.72218,4.20132,0.0],[18.72110,4.20185,0.0],[18.72083,4.20200,0.0],[18.71935,4.20285,0.0],[18.71773,4.20384,0.0],[18.71603,4.20467,0.0],[18.71532,4.20494,0.0],[18.71435,4.20517,0.0],[18.71341,4.20545,0.0],[18.71280,4.20573,0.0],[18.71206,4.20616,0.0],[18.71146,4.20655,0.0],[18.71096,4.20699,0.0],[18.71036,4.20762,0.0],[18.70993,4.20807,0.0],[18.70936,4.20885,0.0],[18.70867,4.20988,0.0],[18.70820,4.21044,0.0],[18.70779,4.21095,0.0],[18.70748,4.21120,0.0],[18.70689,4.21144,0.0],[18.70589,4.21187,0.0],[18.70506,4.21220,0.0],[18.70445,4.21257,0.0],[18.70415,4.21273,0.0],[18.70357,4.21295,0.0],[18.70322,4.21302,0.0],[18.70291,4.21302,0.0],[18.70217,4.21293,0.0],[18.70159,4.21279,0.0],[18.70115,4.21274,0.0],[18.70036,4.21284,0.0],[18.69950,4.21300,0.0],[18.69835,4.21313,0.0],[18.69783,4.21328,0.0],[18.69743,4.21342,0.0],[18.69696,4.21379,0.0],[18.69672,4.21413,0.0],[18.69618,4.21505,0.0],[18.69590,4.21552,0.0],[18.69523,4.21603,0.0],[18.69481,4.21630,0.0],[18.69412,4.21649,0.0],[18.69368,4.21654,0.0],[18.69202,4.21654,0.0],[18.69140,4.21662,0.0],[18.68709,4.21769,0.0],[18.68525,4.21831,0.0],[18.68345,4.21898,0.0],[18.68267,4.21933,0.0],[18.68077,4.21999,0.0],[18.67977,4.22040,0.0],[18.67921,4.22065,0.0],[18.67844,4.22121,0.0],[18.67748,4.22192,0.0],[18.67638,4.22262,0.0],[18.67620,4.22278,0.0],[18.67600,4.22309,0.0],[18.67535,4.22373,0.0],[18.67445,4.22443,0.0],[18.67377,4.22482,0.0],[18.67228,4.22544,0.0],[18.67081,4.22620,0.0],[18.67023,4.22666,0.0],[18.66844,4.22900,0.0],[18.66709,4.23088,0.0],[18.66649,4.23142,0.0],[18.66632,4.23157,0.0],[18.66591,4.23189,0.0],[18.66529,4.23229,0.0],[18.66430,4.23285,0.0],[18.66291,4.23353,0.0],[18.66150,4.23430,0.0],[18.66101,4.23452,0.0],[18.66062,4.23465,0.0],[18.65956,4.23487,0.0],[18.65673,4.23533,0.0],[18.65646,4.23537,0.0],[18.65563,4.23561,0.0],[18.65512,4.23571,0.0],[18.65371,4.23592,0.0],[18.65304,4.23599,0.0],[18.65272,4.23601,0.0],[18.65129,4.23647,0.0],[18.65054,4.23679,0.0],[18.64984,4.23716,0.0],[18.64958,4.23734,0.0],[18.64812,4.23819,0.0],[18.64725,4.23869,0.0],[18.64640,4.23909,0.0],[18.64416,4.24013,0.0],[18.64386,4.24027,0.0],[18.64374,4.24035,0.0],[18.64310,4.24078,0.0],[18.64257,4.24116,0.0],[18.64217,4.24153,0.0],[18.64200,4.24178,0.0],[18.64190,4.24201,0.0],[18.64183,4.24232,0.0],[18.64180,4.24259,0.0],[18.64178,4.24286,0.0],[18.64177,4.24300,0.0],[18.64175,4.24316,0.0],[18.64168,4.24335,0.0],[18.64156,4.24360,0.0],[18.63871,4.24764,0.0],[18.63753,4.24942,0.0],[18.63739,4.24970,0.0],[18.63724,4.25002,0.0],[18.63718,4.25012,0.0],[18.63710,4.25025,0.0],[18.63692,4.25053,0.0],[18.63643,4.25120,0.0],[18.63608,4.25159,0.0],[18.63580,4.25190,0.0],[18.63555,4.25217,0.0],[18.63526,4.25262,0.0],[18.63495,4.25305,0.0],[18.63457,4.25353,0.0],[18.63440,4.25377,0.0],[18.63429,4.25399,0.0],[18.63420,4.25416,0.0],[18.63409,4.25437,0.0],[18.63380,4.25478,0.0],[18.63337,4.25539,0.0],[18.63286,4.25604,0.0],[18.63264,4.25628,0.0],[18.63233,4.25661,0.0],[18.63223,4.25675,0.0],[18.63211,4.25700,0.0],[18.63204,4.25718,0.0],[18.63191,4.25749,0.0],[18.63166,4.25805,0.0],[18.63160,4.25824,0.0],[18.63145,4.25889,0.0],[18.63130,4.25952,0.0],[18.63117,4.26013,0.0],[18.63116,4.26053,0.0],[18.63119,4.26078,0.0],[18.63133,4.26174,0.0],[18.63140,4.26230,0.0],[18.63142,4.26242,0.0],[18.63147,4.26283,0.0],[18.63148,4.26315,0.0],[18.63148,4.26345,0.0],[18.63148,4.26382,0.0],[18.63153,4.26412,0.0],[18.63157,4.26434,0.0],[18.63164,4.26455,0.0],[18.63170,4.26471,0.0],[18.63178,4.26486,0.0],[18.63185,4.26502,0.0],[18.63190,4.26524,0.0],[18.63191,4.26545,0.0],[18.63189,4.26567,0.0],[18.63184,4.26588,0.0],[18.63177,4.26598,0.0],[18.63164,4.26617,0.0],[18.63149,4.26632,0.0],[18.63141,4.26644,0.0],[18.63117,4.26686,0.0],[18.63105,4.26709,0.0],[18.63085,4.26755,0.0],[18.63015,4.26898,0.0],[18.63011,4.26906,0.0],[18.62967,4.26981,0.0],[18.62947,4.27015,0.0],[18.62945,4.27019,0.0],[18.62908,4.27077,0.0],[18.62901,4.27086,0.0],[18.62870,4.27145,0.0],[18.62812,4.27239,0.0],[18.62794,4.27268,0.0],[18.62745,4.27313,0.0],[18.62687,4.27372,0.0],[18.62662,4.27398,0.0],[18.62649,4.27410,0.0],[18.62593,4.27462,0.0],[18.62575,4.27480,0.0],[18.62443,4.27607,0.0],[18.62418,4.27637,0.0],[18.62404,4.27664,0.0],[18.62396,4.27678,0.0],[18.62389,4.27697,0.0],[18.62381,4.27725,0.0],[18.62372,4.27777,0.0],[18.62365,4.27851,0.0],[18.62355,4.27990,0.0],[18.62337,4.28131,0.0],[18.62334,4.28156,0.0],[18.62330,4.28180,0.0],[18.62325,4.28207,0.0],[18.62318,4.28244,0.0],[18.62314,4.28267,0.0],[18.62303,4.28321,0.0],[18.62290,4.28390,0.0],[18.62283,4.28411,0.0],[18.62272,4.28439,0.0],[18.62204,4.28586,0.0],[18.62160,4.28680,0.0],[18.62089,4.28833,0.0],[18.62063,4.28888,0.0],[18.62001,4.29013,0.0],[18.61989,4.29041,0.0],[18.61967,4.29089,0.0],[18.61928,4.29161,0.0],[18.61907,4.29196,0.0],[18.61876,4.29290,0.0],[18.61870,4.29310,0.0],[18.61855,4.29368,0.0],[18.61845,4.29409,0.0],[18.61839,4.29438,0.0],[18.61838,4.29469,0.0],[18.61842,4.29492,0.0],[18.61874,4.29564,0.0],[18.61915,4.29646,0.0],[18.61922,4.29659,0.0],[18.61931,4.29673,0.0],[18.61964,4.29726,0.0],[18.61991,4.29759,0.0],[18.62042,4.29808,0.0],[18.62084,4.29871,0.0],[18.62102,4.29897,0.0],[18.62117,4.29931,0.0],[18.62119,4.29938,0.0],[18.62126,4.29969,0.0],[18.62134,4.30014,0.0],[18.62152,4.30089,0.0],[18.62151,4.30105,0.0],[18.62147,4.30119,0.0],[18.62136,4.30134,0.0],[18.62121,4.30142,0.0],[18.62057,4.30160,0.0],[18.61856,4.30237,0.0],[18.61822,4.30255,0.0],[18.61792,4.30278,0.0],[18.61768,4.30298,0.0],[18.61711,4.30355,0.0],[18.61669,4.30400,0.0],[18.61645,4.30429,0.0],[18.61632,4.30445,0.0],[18.61614,4.30471,0.0],[18.61605,4.30496,0.0],[18.61599,4.30532,0.0],[18.61584,4.30621,0.0],[18.61570,4.30693,0.0],[18.61566,4.30711,0.0],[18.61558,4.30753,0.0],[18.61545,4.30828,0.0],[18.61533,4.30877,0.0],[18.61521,4.30907,0.0],[18.61510,4.30923,0.0],[18.61500,4.30939,0.0],[18.61486,4.30959,0.0],[18.61465,4.30984,0.0],[18.61436,4.31018,0.0],[18.61371,4.31088,0.0],[18.61329,4.31136,0.0],[18.61296,4.31177,0.0],[18.61286,4.31193,0.0],[18.61279,4.31214,0.0],[18.61261,4.31251,0.0],[18.61219,4.31339,0.0],[18.61206,4.31363,0.0],[18.61167,4.31419,0.0],[18.61134,4.31465,0.0],[18.61098,4.31512,0.0],[18.61050,4.31576,0.0],[18.60967,4.31686,0.0],[18.60911,4.31749,0.0],[18.60865,4.31793,0.0],[18.60828,4.31827,0.0],[18.60805,4.31849,0.0],[18.60795,4.31859,0.0],[18.60747,4.31906,0.0],[18.60658,4.31988,0.0],[18.60624,4.32029,0.0],[18.60601,4.32059,0.0],[18.60571,4.32095,0.0],[18.60520,4.32158,0.0],[18.60489,4.32202,0.0],[18.60455,4.32245,0.0],[18.60427,4.32280,0.0],[18.60400,4.32315,0.0],[18.60373,4.32350,0.0],[18.60348,4.32383,0.0],[18.60336,4.32400,0.0],[18.60290,4.32460,0.0],[18.60223,4.32538,0.0],[18.60186,4.32591,0.0],[18.60161,4.32632,0.0],[18.60128,4.32697,0.0],[18.60098,4.32763,0.0],[18.60067,4.32836,0.0],[18.60039,4.32898,0.0],[18.60018,4.32933,0.0],[18.60008,4.32949,0.0],[18.59986,4.32988,0.0],[18.59962,4.33033,0.0],[18.59936,4.33086,0.0],[18.59885,4.33181,0.0],[18.59835,4.33273,0.0],[18.59775,4.33392,0.0],[18.59749,4.33449,0.0],[18.59726,4.33496,0.0],[18.59712,4.33524,0.0],[18.59700,4.33565,0.0],[18.59684,4.33631,0.0],[18.59676,4.33665,0.0],[18.59665,4.33709,0.0],[18.59661,4.33734,0.0],[18.59654,4.33811,0.0],[18.59654,4.33848,0.0],[18.59652,4.33895,0.0],[18.59652,4.33914,0.0],[18.59651,4.33928,0.0],[18.59652,4.33947,0.0],[18.59655,4.34007,0.0],[18.59656,4.34071,0.0],[18.59641,4.34156,0.0],[18.59639,4.34190,0.0],[18.59641,4.34246,0.0],[18.59648,4.34328,0.0],[18.59643,4.34382,0.0],[18.59637,4.34437,0.0],[18.59635,4.34467,0.0],[18.59633,4.34589,0.0],[18.59633,4.34599,0.0],[18.59633,4.34617,0.0],[18.59634,4.34639,0.0],[18.59640,4.34693,0.0],[18.59647,4.34741,0.0],[18.59650,4.34774,0.0],[18.59655,4.34818,0.0],[18.59657,4.34839,0.0],[18.59660,4.34857,0.0],[18.59665,4.34894,0.0],[18.59674,4.34931,0.0],[18.59684,4.34958,0.0],[18.59698,4.34984,0.0],[18.59711,4.35003,0.0],[18.59743,4.35054,0.0],[18.59769,4.35089,0.0],[18.59823,4.35173,0.0],[18.59837,4.35193,0.0],[18.59861,4.35230,0.0],[18.59891,4.35269,0.0],[18.59931,4.35326,0.0],[18.59905,4.35354,0.0],[18.59913,4.35387,0.0],[18.59954,4.35409,0.0],[18.60011,4.35459,0.0],[18.60039,4.35500,0.0],[18.60056,4.35644,0.0],[18.60046,4.35712,0.0],[18.60056,4.35818,0.0],[18.60136,4.35885,0.0],[18.60515,4.36023,0.0],[18.60708,4.36105,0.0],[18.60800,4.36110,0.0],[18.60924,4.36088,0.0],[18.61021,4.36010,0.0],[18.61117,4.36008,0.0],[18.61312,4.35909,0.0],[18.61401,4.35579,0.0],[18.61858,4.35298,0.0],[18.62048,4.35125,0.0],[18.62429,4.34991,0.0],[18.62525,4.34974,0.0],[18.62670,4.34933,0.0],[18.62764,4.34911,0.0],[18.62812,4.34927,0.0],[18.62835,4.34961,0.0],[18.62838,4.35097,0.0],[18.62832,4.35218,0.0],[18.62809,4.35344,0.0],[18.62766,4.35465,0.0]]}},{"type":"Feature","properties":{"phase_nom":"Phase 3 - Batanga-Libenge-Boyabo","longueur_km":20.0,"phase":3},"geometry":{"type":"LineString","coordinates":[[18.62967,3.63977,0.0],[18.62937,3.64287,0.0],[18.62928,3.64360,0.0],[18.62915,3.64413,0.0],[18.62893,3.64849,0.0],[18.63220,3.64861,0.0],[18.63509,3.64868,0.0],[18.63640,3.64878,0.0],[18.63776,3.64936,0.0],[18.63845,3.64960,0.0],[18.63901,3.64981,0.0],[18.64096,3.65035,0.0],[18.64172,3.65056,0.0],[18.64375,3.65103,0.0],[18.64689,3.65137,0.0],[18.64877,3.65170,0.0],[18.65039,3.65178,0.0],[18.65059,3.65183,0.0],[18.65123,3.65201,0.0],[18.65350,3.65291,0.0],[18.65422,3.65332,0.0],[18.65532,3.65404,0.0],[18.65584,3.65429,0.0],[18.65624,3.65444,0.0],[18.65704,3.65475,0.0],[18.65753,3.65506,0.0],[18.65790,3.65539,0.0],[18.65872,3.65618,0.0],[18.65926,3.65658,0.0],[18.66275,3.65965,0.0],[18.66339,3.66012,0.0],[18.66372,3.66033,0.0],[18.66457,3.66064,0.0],[18.66658,3.66145,0.0],[18.66719,3.66171,0.0],[18.66896,3.66233,0.0],[18.66951,3.66261,0.0],[18.67048,3.66311,0.0],[18.67371,3.66465,0.0],[18.67400,3.66489,0.0],[18.67440,3.66530,0.0],[18.67500,3.66593,0.0],[18.67648,3.66726,0.0],[18.67707,3.66791,0.0],[18.67802,3.66902,0.0],[18.67836,3.66964,0.0],[18.67875,3.67044,0.0],[18.67896,3.67074,0.0],[18.67937,3.67128,0.0],[18.67959,3.67157,0.0],[18.67989,3.67186,0.0],[18.68026,3.67208,0.0],[18.68066,3.67232,0.0],[18.68160,3.67277,0.0],[18.68251,3.67339,0.0],[18.68304,3.67381,0.0],[18.68372,3.67415,0.0],[18.68449,3.67442,0.0],[18.68560,3.67481,0.0],[18.68615,3.67502,0.0],[18.68635,3.67518,0.0],[18.68647,3.67526,0.0],[18.68675,3.67551,0.0],[18.68701,3.67573,0.0],[18.68759,3.67609,0.0],[18.68942,3.67721,0.0],[18.68980,3.67735,0.0],[18.69027,3.67744,0.0],[18.69100,3.67753,0.0],[18.69127,3.67756,0.0],[18.69150,3.67770,0.0],[18.69179,3.67796,0.0],[18.69209,3.67837,0.0],[18.69229,3.67866,0.0],[18.69258,3.67924,0.0],[18.69313,3.68031,0.0],[18.69349,3.68079,0.0],[18.69419,3.68149,0.0],[18.69448,3.68165,0.0],[18.69492,3.68184,0.0],[18.69538,3.68190,0.0],[18.69639,3.68192,0.0],[18.69759,3.68198,0.0],[18.69854,3.68222,0.0],[18.69940,3.68248,0.0],[18.70012,3.68260,0.0],[18.70066,3.68271,0.0],[18.70203,3.68330,0.0],[18.70297,3.68376,0.0],[18.70376,3.68412,0.0],[18.70433,3.68439,0.0],[18.70498,3.68478,0.0],[18.70533,3.68500,0.0],[18.70566,3.68526,0.0],[18.70602,3.68564,0.0],[18.70627,3.68596,0.0],[18.70646,3.68641,0.0],[18.70674,3.68731,0.0],[18.70701,3.68808,0.0],[18.70720,3.68835,0.0],[18.70752,3.68873,0.0],[18.70803,3.68917,0.0],[18.70837,3.68937,0.0],[18.70897,3.68966,0.0],[18.71007,3.69006,0.0],[18.71065,3.69031,0.0],[18.71202,3.69097,0.0],[18.71277,3.69133,0.0],[18.71385,3.69193,0.0],[18.71521,3.69265,0.0],[18.71640,3.69320,0.0],[18.71688,3.69345,0.0],[18.71734,3.69369,0.0],[18.71771,3.69391,0.0],[18.71905,3.69458,0.0],[18.71959,3.69472,0.0],[18.71983,3.69472,0.0],[18.72020,3.69468,0.0],[18.72088,3.69457,0.0],[18.72152,3.69440,0.0],[18.72255,3.69403,0.0],[18.72289,3.69389,0.0],[18.72396,3.69335,0.0],[18.72451,3.69312,0.0],[18.72476,3.69310,0.0],[18.72517,3.69314,0.0],[18.72575,3.69321,0.0],[18.72705,3.69339,0.0],[18.72749,3.69341,0.0],[18.72796,3.69336,0.0],[18.72963,3.69286,0.0],[18.73015,3.69278,0.0],[18.73050,3.69283,0.0],[18.73168,3.69316,0.0],[18.73275,3.69338,0.0],[18.73376,3.69349,0.0],[18.73481,3.69391,0.0],[18.73507,3.69403,0.0],[18.73541,3.69433,0.0],[18.73572,3.69470,0.0],[18.73605,3.69514,0.0],[18.73650,3.69581,0.0],[18.73716,3.69696,0.0],[18.73744,3.69720,0.0],[18.73759,3.69731,0.0],[18.73843,3.69778,0.0],[18.73883,3.69793,0.0],[18.73943,3.69801,0.0],[18.74069,3.69815,0.0],[18.74139,3.69827,0.0],[18.74224,3.69854,0.0],[18.74301,3.69883,0.0],[18.74338,3.69887,0.0],[18.74389,3.69887,0.0],[18.74421,3.69886,0.0],[18.74459,3.69886,0.0],[18.74539,3.69894,0.0],[18.74618,3.69908,0.0],[18.74640,3.69910,0.0],[18.74745,3.69902,0.0],[18.74761,3.69899,0.0],[18.74840,3.69876,0.0],[18.74974,3.69810,0.0],[18.75011,3.69794,0.0],[18.75017,3.69792,0.0],[18.75045,3.69780,0.0],[18.75071,3.69774,0.0],[18.75129,3.69773,0.0],[18.75238,3.69791,0.0],[18.75297,3.69803,0.0],[18.75337,3.69812,0.0],[18.75399,3.69838,0.0],[18.75429,3.69853,0.0],[18.75546,3.69937,0.0],[18.75667,3.70023,0.0],[18.75727,3.70063,0.0],[18.75788,3.70105,0.0],[18.75794,3.70110,0.0],[18.75805,3.70114,0.0],[18.75845,3.70129,0.0],[18.75865,3.70138,0.0],[18.75904,3.70157,0.0],[18.75943,3.70173,0.0],[18.76067,3.70236,0.0],[18.76190,3.70302,0.0],[18.76219,3.70314,0.0],[18.76244,3.70326,0.0],[18.76301,3.70338,0.0],[18.76344,3.70345,0.0],[18.76383,3.70358,0.0],[18.76417,3.70373,0.0],[18.76510,3.70417,0.0],[18.76543,3.70433,0.0],[18.76631,3.70476,0.0],[18.76680,3.70497,0.0],[18.76740,3.70524,0.0],[18.76793,3.70554,0.0],[18.76856,3.70602,0.0],[18.76917,3.70654,0.0],[18.76960,3.70696,0.0],[18.76989,3.70731,0.0],[18.77016,3.70768,0.0],[18.77031,3.70800,0.0],[18.77043,3.70833,0.0],[18.77057,3.70884,0.0],[18.77060,3.70906,0.0],[18.77062,3.70925,0.0],[18.77061,3.70971,0.0],[18.77063,3.70999,0.0],[18.77057,3.71104,0.0],[18.77041,3.71187,0.0],[18.77034,3.71255,0.0],[18.77033,3.71265,0.0],[18.77023,3.71354,0.0],[18.77011,3.71455,0.0],[18.77006,3.71545,0.0],[18.77006,3.71590,0.0],[18.77006,3.71637,0.0],[18.77007,3.71647,0.0],[18.77008,3.71695,0.0],[18.77007,3.71721,0.0]]}},{"type":"Feature","properties":{"phase_nom":"Phase 2 - Gemena-Boyabo-Zongo","longueur_km":0.0,"phase":2},"geometry":{"type":"LineString","coordinates":[[18.76901,4.10619,0.0],[18.76911,4.10624,0.0],[18.76915,4.10628,0.0],[18.76918,4.10632,0.0],[18.76922,4.10639,0.0]]}},{"type":"Feature","properties":{"phase_nom":"Phase 2 - Gemena-Boyabo-Zongo","longueur_km":0.0,"phase":2},"geometry":{"type":"LineString","coordinates":[[18.76922,4.10639,0.0],[18.76915,4.10635,0.0],[18.76911,4.10632,0.0],[18.76907,4.10628,0.0],[18.76901,4.10619,0.0]]}},{"type":"Feature","properties":{"phase_nom":"Phase 2 - Gemena-Boyabo-Zongo","longueur_km":51.9,"phase":2},"geometry":{"type":"LineString","coordinates":[[18.77007,3.71721,0.0],[18.76992,3.71757,0.0],[18.76984,3.71770,0.0],[18.76969,3.71792,0.0],[18.76937,3.71835,0.0],[18.76895,3.71894,0.0],[18.76876,3.71920,0.0],[18.76860,3.71944,0.0],[18.76817,3.72004,0.0],[18.76783,3.72052,0.0],[18.76747,3.72103,0.0],[18.76736,3.72119,0.0],[18.767,3.72166,0.0],[18.76651,3.72235,0.0],[18.76600,3.72310,0.0],[18.76536,3.72401,0.0],[18.76524,3.72418,0.0],[18.76522,3.72421,0.0],[18.76434,3.72547,0.0],[18.76321,3.72706,0.0],[18.76146,3.72952,0.0],[18.76067,3.73064,0.0],[18.75965,3.73209,0.0],[18.75910,3.73287,0.0],[18.75859,3.73360,0.0],[18.75742,3.73528,0.0],[18.75716,3.73565,0.0],[18.75645,3.73669,0.0],[18.75607,3.73723,0.0],[18.75569,3.73768,0.0],[18.75541,3.73786,0.0],[18.75505,3.73803,0.0],[18.75493,3.73809,0.0],[18.75394,3.73851,0.0],[18.75391,3.73853,0.0],[18.75337,3.73876,0.0],[18.75175,3.73943,0.0],[18.74872,3.74069,0.0],[18.74857,3.74076,0.0],[18.74486,3.74234,0.0],[18.74202,3.74355,0.0],[18.73788,3.74531,0.0],[18.73529,3.74644,0.0],[18.73351,3.74720,0.0],[18.73135,3.74817,0.0],[18.72925,3.74911,0.0],[18.72708,3.75003,0.0],[18.72594,3.75059,0.0],[18.72157,3.75259,0.0],[18.71956,3.75345,0.0],[18.71724,3.75441,0.0],[18.71662,3.75465,0.0],[18.71631,3.75480,0.0],[18.71605,3.75497,0.0],[18.71561,3.75534,0.0],[18.71528,3.75575,0.0],[18.71301,3.75878,0.0],[18.70993,3.76295,0.0],[18.70952,3.76353,0.0],[18.70884,3.76475,0.0],[18.70787,3.76657,0.0],[18.70675,3.76853,0.0],[18.70589,3.77014,0.0],[18.70572,3.77054,0.0],[18.70552,3.77086,0.0],[18.70513,3.77162,0.0],[18.70447,3.77296,0.0],[18.70435,3.77339,0.0],[18.70431,3.77376,0.0],[18.70431,3.77416,0.0],[18.70431,3.77505,0.0],[18.70431,3.77583,0.0],[18.70438,3.77702,0.0],[18.70443,3.77778,0.0],[18.70452,3.77949,0.0],[18.70456,3.78132,0.0],[18.70466,3.78824,0.0],[18.70479,3.78985,0.0],[18.70489,3.79163,0.0],[18.70505,3.79431,0.0],[18.70511,3.79536,0.0],[18.70520,3.79775,0.0],[18.70517,3.79810,0.0],[18.70507,3.80044,0.0],[18.70505,3.80140,0.0],[18.70502,3.80280,0.0],[18.70493,3.80463,0.0],[18.70484,3.80534,0.0],[18.70437,3.80808,0.0],[18.70420,3.80886,0.0],[18.70407,3.80922,0.0],[18.70372,3.80984,0.0],[18.70317,3.81064,0.0],[18.70054,3.81452,0.0],[18.69846,3.81775,0.0],[18.69625,3.82105,0.0],[18.69567,3.82186,0.0],[18.69515,3.82262,0.0],[18.69410,3.82403,0.0],[18.69380,3.82447,0.0],[18.69341,3.82497,0.0],[18.69283,3.82583,0.0],[18.68997,3.82990,0.0],[18.68806,3.83260,0.0],[18.68698,3.83416,0.0],[18.68626,3.83516,0.0],[18.68606,3.83544,0.0],[18.68538,3.83641,0.0],[18.68470,3.83749,0.0],[18.68401,3.83866,0.0],[18.68324,3.83973,0.0],[18.68259,3.84084,0.0],[18.68185,3.84200,0.0],[18.68141,3.84282,0.0],[18.68100,3.84351,0.0],[18.68015,3.84465,0.0],[18.67917,3.84604,0.0],[18.67844,3.84703,0.0],[18.67780,3.84790,0.0],[18.67733,3.84862,0.0],[18.67709,3.84902,0.0],[18.67686,3.84945,0.0],[18.67654,3.85015,0.0],[18.67638,3.85052,0.0],[18.67629,3.85069,0.0],[18.67621,3.85089,0.0],[18.67618,3.85113,0.0],[18.67623,3.85156,0.0],[18.67633,3.85205,0.0],[18.67650,3.85280,0.0],[18.67677,3.85411,0.0],[18.67681,3.85447,0.0],[18.67674,3.85509,0.0],[18.67661,3.85631,0.0],[18.67651,3.85717,0.0],[18.67641,3.85806,0.0],[18.67628,3.85905,0.0],[18.67618,3.86012,0.0],[18.67614,3.86062,0.0],[18.67610,3.86113,0.0],[18.67599,3.86190,0.0],[18.67587,3.86303,0.0],[18.67591,3.86358,0.0],[18.67599,3.86396,0.0],[18.67615,3.86440,0.0],[18.67651,3.86510,0.0],[18.67665,3.86537,0.0],[18.67828,3.86890,0.0],[18.67959,3.87162,0.0],[18.68009,3.87263,0.0],[18.68017,3.87278,0.0],[18.68092,3.87435,0.0],[18.68095,3.87440,0.0],[18.68129,3.87512,0.0],[18.68202,3.87682,0.0],[18.68284,3.87865,0.0],[18.68344,3.88086,0.0],[18.68362,3.88169,0.0],[18.68469,3.88624,0.0],[18.68489,3.88702,0.0],[18.68495,3.88718,0.0],[18.68526,3.88762,0.0],[18.68567,3.88805,0.0],[18.68623,3.88865,0.0],[18.68706,3.88959,0.0],[18.68799,3.89059,0.0],[18.68869,3.89134,0.0],[18.69000,3.89275,0.0],[18.69028,3.89305,0.0],[18.69052,3.89334,0.0],[18.69130,3.89492,0.0],[18.69165,3.89568,0.0],[18.69185,3.89616,0.0],[18.69198,3.89650,0.0],[18.69223,3.89726,0.0],[18.69475,3.90542,0.0],[18.69499,3.90629,0.0],[18.69556,3.90827,0.0],[18.69573,3.90889,0.0],[18.69571,3.90973,0.0],[18.69563,3.91030,0.0],[18.69555,3.91113,0.0],[18.69556,3.91187,0.0],[18.69555,3.91229,0.0],[18.69554,3.91263,0.0],[18.69549,3.91294,0.0],[18.69544,3.91315,0.0],[18.69475,3.91555,0.0],[18.69422,3.91741,0.0],[18.69385,3.91852,0.0],[18.69383,3.91859,0.0],[18.69374,3.91895,0.0],[18.69370,3.91920,0.0],[18.69371,3.91945,0.0],[18.69376,3.91977,0.0],[18.69387,3.92003,0.0],[18.69490,3.92160,0.0],[18.69511,3.92214,0.0],[18.69534,3.92260,0.0],[18.69570,3.92317,0.0],[18.69617,3.92390,0.0],[18.69672,3.92486,0.0],[18.69712,3.92572,0.0],[18.69726,3.92607,0.0],[18.69737,3.92646,0.0],[18.69745,3.92695,0.0],[18.69754,3.92752,0.0],[18.69769,3.92841,0.0],[18.69780,3.92983,0.0],[18.69790,3.93050,0.0],[18.69795,3.93082,0.0],[18.69806,3.93148,0.0],[18.69822,3.93232,0.0],[18.69825,3.93248,0.0],[18.69850,3.93359,0.0],[18.69898,3.93577,0.0],[18.69910,3.93604,0.0],[18.69923,3.93633,0.0],[18.69952,3.93681,0.0],[18.69983,3.93717,0.0],[18.70029,3.93769,0.0],[18.70100,3.93855,0.0],[18.70155,3.93925,0.0],[18.70183,3.93961,0.0],[18.70381,3.94212,0.0],[18.70415,3.94261,0.0],[18.70430,3.94290,0.0],[18.70469,3.94391,0.0],[18.70504,3.94486,0.0],[18.70537,3.94591,0.0],[18.70555,3.94654,0.0],[18.70556,3.94681,0.0],[18.70552,3.94727,0.0],[18.70542,3.94786,0.0],[18.70537,3.94844,0.0],[18.70544,3.94902,0.0],[18.70547,3.94937,0.0],[18.70555,3.94962,0.0],[18.70596,3.95019,0.0],[18.70657,3.95086,0.0],[18.70721,3.95151,0.0],[18.70767,3.95194,0.0],[18.70856,3.95251,0.0],[18.70878,3.95264,0.0],[18.70995,3.95335,0.0],[18.71101,3.95405,0.0],[18.71157,3.95452,0.0],[18.71232,3.95511,0.0],[18.71322,3.95577,0.0],[18.71477,3.95666,0.0],[18.71535,3.95703,0.0],[18.71564,3.95727,0.0],[18.71630,3.95808,0.0],[18.71702,3.95904,0.0],[18.71724,3.95937,0.0],[18.71742,3.95972,0.0],[18.71777,3.96051,0.0],[18.71823,3.96155,0.0],[18.71848,3.96219,0.0],[18.71861,3.96260,0.0],[18.71881,3.96338,0.0],[18.71888,3.96396,0.0],[18.71896,3.96494,0.0],[18.71893,3.96717,0.0],[18.71890,3.96902,0.0],[18.71893,3.96960,0.0],[18.71899,3.97007,0.0],[18.71908,3.97060,0.0],[18.71921,3.97141,0.0],[18.71927,3.97182,0.0],[18.71923,3.97277,0.0],[18.71922,3.97348,0.0],[18.71925,3.97403,0.0],[18.71931,3.97447,0.0],[18.71943,3.97495,0.0],[18.71962,3.97547,0.0],[18.71982,3.97590,0.0],[18.71997,3.97622,0.0],[18.72067,3.97790,0.0],[18.72132,3.97888,0.0],[18.72191,3.97947,0.0],[18.72241,3.98000,0.0],[18.72277,3.98041,0.0],[18.72296,3.98066,0.0],[18.72312,3.98088,0.0],[18.72322,3.98107,0.0],[18.72352,3.98161,0.0],[18.72405,3.98261,0.0],[18.72489,3.98433,0.0],[18.72505,3.98478,0.0],[18.72515,3.98517,0.0],[18.72536,3.98614,0.0],[18.72556,3.98713,0.0],[18.72558,3.98777,0.0],[18.72543,3.98941,0.0],[18.72553,3.98971,0.0],[18.72567,3.98992,0.0],[18.72576,3.99004,0.0],[18.72602,3.99016,0.0],[18.72632,3.99025,0.0],[18.72718,3.99046,0.0],[18.72807,3.99066,0.0],[18.72939,3.99094,0.0],[18.73090,3.99122,0.0],[18.73146,3.99141,0.0],[18.73193,3.99168,0.0],[18.73218,3.99185,0.0],[18.73241,3.99206,0.0],[18.73291,3.99247,0.0],[18.73363,3.99330,0.0],[18.73395,3.99371,0.0],[18.73409,3.99391,0.0],[18.73419,3.99410,0.0],[18.73441,3.99452,0.0],[18.73451,3.99500,0.0],[18.73456,3.99566,0.0],[18.73462,3.99639,0.0],[18.73471,3.99705,0.0],[18.73489,3.99772,0.0],[18.73558,3.99982,0.0],[18.73644,4.00203,0.0],[18.73673,4.00265,0.0],[18.73713,4.00330,0.0],[18.73804,4.00434,0.0],[18.73900,4.00552,0.0],[18.73967,4.00650,0.0],[18.74042,4.00768,0.0],[18.74087,4.00851,0.0],[18.74233,4.01234,0.0],[18.74316,4.01432,0.0],[18.74401,4.01619,0.0],[18.74475,4.01758,0.0],[18.74511,4.01837,0.0],[18.74543,4.01903,0.0],[18.74608,4.02043,0.0],[18.74649,4.02130,0.0],[18.74682,4.02205,0.0],[18.74704,4.02244,0.0],[18.74718,4.02280,0.0],[18.74742,4.02321,0.0],[18.74767,4.02377,0.0],[18.74794,4.02433,0.0],[18.74817,4.02475,0.0],[18.74838,4.02516,0.0],[18.74854,4.02562,0.0],[18.74865,4.02602,0.0],[18.74880,4.02644,0.0],[18.74886,4.02678,0.0],[18.74887,4.02717,0.0],[18.74892,4.02774,0.0],[18.74891,4.02862,0.0],[18.74893,4.02989,0.0],[18.74897,4.03073,0.0],[18.74896,4.03177,0.0],[18.74897,4.03226,0.0],[18.74908,4.03282,0.0],[18.74922,4.03313,0.0],[18.74933,4.03360,0.0],[18.74939,4.03430,0.0],[18.74949,4.03499,0.0],[18.74967,4.03602,0.0],[18.74965,4.03636,0.0],[18.74947,4.03711,0.0],[18.74935,4.03754,0.0],[18.74920,4.03804,0.0],[18.74898,4.03864,0.0],[18.74873,4.03922,0.0],[18.74835,4.03984,0.0],[18.74800,4.04047,0.0],[18.74770,4.04103,0.0],[18.74719,4.04196,0.0],[18.74679,4.04264,0.0],[18.74629,4.04350,0.0],[18.74603,4.04407,0.0],[18.74589,4.04455,0.0],[18.74579,4.04510,0.0],[18.74572,4.04557,0.0],[18.74568,4.04605,0.0],[18.74567,4.04662,0.0],[18.74565,4.04717,0.0],[18.74561,4.04751,0.0],[18.74559,4.04788,0.0],[18.74561,4.04830,0.0],[18.74589,4.04926,0.0],[18.74610,4.04994,0.0],[18.74637,4.05101,0.0],[18.74665,4.05194,0.0],[18.74671,4.05214,0.0],[18.74701,4.05311,0.0],[18.74726,4.05385,0.0],[18.74786,4.05527,0.0],[18.74811,4.05579,0.0],[18.74839,4.05620,0.0],[18.74854,4.05635,0.0],[18.74900,4.05667,0.0],[18.74968,4.05712,0.0],[18.75130,4.05818,0.0],[18.75234,4.05888,0.0],[18.75291,4.05932,0.0],[18.75338,4.05967,0.0],[18.75383,4.05996,0.0],[18.75422,4.06029,0.0],[18.75489,4.06082,0.0],[18.75606,4.06192,0.0],[18.75663,4.06248,0.0],[18.75714,4.06306,0.0],[18.75755,4.06355,0.0],[18.75813,4.06422,0.0],[18.75829,4.06446,0.0],[18.75842,4.06480,0.0],[18.75849,4.06504,0.0],[18.75854,4.06552,0.0],[18.75852,4.06600,0.0],[18.75848,4.06642,0.0],[18.75839,4.06672,0.0],[18.75824,4.06699,0.0],[18.75810,4.06722,0.0],[18.75786,4.06755,0.0],[18.75766,4.06791,0.0],[18.75742,4.06828,0.0],[18.75717,4.06865,0.0],[18.75706,4.06882,0.0],[18.75701,4.06906,0.0],[18.75696,4.06930,0.0],[18.75691,4.06957,0.0],[18.75686,4.06989,0.0],[18.75686,4.07030,0.0],[18.75685,4.07062,0.0],[18.75691,4.07103,0.0],[18.75781,4.07286,0.0],[18.75807,4.07338,0.0],[18.75811,4.07356,0.0],[18.75811,4.07380,0.0],[18.75804,4.07409,0.0],[18.75793,4.07463,0.0],[18.75786,4.07517,0.0],[18.75775,4.07571,0.0],[18.75761,4.07642,0.0],[18.75747,4.07698,0.0],[18.75737,4.07761,0.0],[18.75726,4.07811,0.0],[18.75712,4.07876,0.0],[18.75701,4.07940,0.0],[18.75688,4.08000,0.0],[18.75677,4.08063,0.0],[18.75666,4.08118,0.0],[18.75657,4.08174,0.0],[18.75648,4.08226,0.0],[18.75637,4.08276,0.0],[18.75630,4.08320,0.0],[18.75624,4.08348,0.0],[18.75614,4.08391,0.0],[18.75602,4.08438,0.0],[18.75595,4.08486,0.0],[18.75592,4.08529,0.0],[18.75598,4.08589,0.0],[18.75610,4.08642,0.0],[18.75638,4.08736,0.0],[18.75657,4.08805,0.0],[18.75669,4.08860,0.0],[18.75684,4.08898,0.0],[18.75718,4.08980,0.0],[18.75773,4.09104,0.0],[18.75812,4.09190,0.0],[18.75847,4.09270,0.0],[18.75858,4.09294,0.0],[18.75867,4.09306,0.0],[18.75918,4.09367,0.0],[18.75998,4.09462,0.0],[18.76093,4.09559,0.0],[18.76186,4.09656,0.0],[18.76270,4.09744,0.0],[18.76310,4.09790,0.0],[18.76382,4.09872,0.0],[18.76439,4.09936,0.0],[18.76457,4.09959,0.0],[18.76499,4.10019,0.0],[18.76549,4.10090,0.0],[18.76578,4.10139,0.0],[18.76601,4.10170,0.0],[18.76623,4.10205,0.0],[18.76662,4.10267,0.0],[18.76697,4.10324,0.0],[18.76732,4.10377,0.0],[18.76792,4.10477,0.0],[18.76813,4.10511,0.0],[18.76828,4.10536,0.0],[18.76847,4.10558,0.0],[18.76901,4.10619,0.0]]}},{"type":"Feature","properties":{"phase_nom":"Phase 1 - Gemena-Akula","longueur_km":116.0,"phase":1},"geometry":{"type":"LineString","coordinates":[[20.18489,2.37441,0.0],[20.18479,2.37452,0.0],[20.18453,2.37481,0.0],[20.18417,2.37519,0.0],[20.18390,2.37549,0.0],[20.18369,2.37570,0.0],[20.18244,2.37698,0.0],[20.18195,2.37757,0.0],[20.18113,2.37877,0.0],[20.18109,2.37882,0.0],[20.18026,2.38015,0.0],[20.17900,2.38231,0.0],[20.17866,2.38279,0.0],[20.17822,2.38325,0.0],[20.17711,2.38435,0.0],[20.17647,2.38498,0.0],[20.17376,2.38740,0.0],[20.17339,2.38769,0.0],[20.17147,2.38935,0.0],[20.16918,2.39126,0.0],[20.16765,2.39255,0.0],[20.16730,2.39288,0.0],[20.16702,2.39319,0.0],[20.16683,2.39343,0.0],[20.16664,2.39373,0.0],[20.16641,2.39419,0.0],[20.16541,2.39677,0.0],[20.16436,2.39946,0.0],[20.16404,2.40040,0.0],[20.16357,2.40166,0.0],[20.16287,2.40345,0.0],[20.16255,2.40439,0.0],[20.16176,2.40641,0.0],[20.16124,2.40781,0.0],[20.16091,2.40860,0.0],[20.16048,2.40975,0.0],[20.16011,2.41068,0.0],[20.15983,2.41146,0.0],[20.15966,2.41183,0.0],[20.15947,2.41217,0.0],[20.15913,2.41271,0.0],[20.15833,2.41391,0.0],[20.15793,2.41446,0.0],[20.15763,2.41481,0.0],[20.15733,2.41509,0.0],[20.15708,2.41530,0.0],[20.15443,2.41731,0.0],[20.15288,2.41845,0.0],[20.15278,2.41852,0.0],[20.15155,2.41945,0.0],[20.15036,2.42031,0.0],[20.14793,2.42190,0.0],[20.14588,2.42329,0.0],[20.14516,2.42379,0.0],[20.14460,2.42422,0.0],[20.14347,2.42498,0.0],[20.14174,2.42614,0.0],[20.14146,2.42637,0.0],[20.14124,2.42663,0.0],[20.14095,2.42711,0.0],[20.14080,2.42755,0.0],[20.14076,2.42767,0.0],[20.14066,2.42806,0.0],[20.14021,2.43021,0.0],[20.14016,2.43049,0.0],[20.14002,2.43083,0.0],[20.13990,2.43106,0.0],[20.13972,2.43134,0.0],[20.13942,2.43173,0.0],[20.13832,2.43298,0.0],[20.13792,2.43345,0.0],[20.13701,2.43451,0.0],[20.13656,2.43503,0.0],[20.13627,2.43535,0.0],[20.13580,2.43589,0.0],[20.13528,2.43645,0.0],[20.13429,2.43743,0.0],[20.13409,2.43765,0.0],[20.13402,2.43775,0.0],[20.13379,2.43801,0.0],[20.13350,2.43828,0.0],[20.13277,2.43900,0.0],[20.13260,2.43922,0.0],[20.13243,2.43948,0.0],[20.13206,2.44026,0.0],[20.13199,2.44049,0.0],[20.13195,2.44073,0.0],[20.13194,2.44096,0.0],[20.13197,2.44110,0.0],[20.13207,2.44128,0.0],[20.13237,2.44170,0.0],[20.13260,2.44196,0.0],[20.13266,2.44206,0.0],[20.13271,2.44220,0.0],[20.13272,2.44233,0.0],[20.13273,2.44286,0.0],[20.13270,2.44299,0.0],[20.13251,2.44349,0.0],[20.13233,2.44403,0.0],[20.13223,2.44445,0.0],[20.13214,2.44488,0.0],[20.13203,2.44519,0.0],[20.13186,2.44562,0.0],[20.13172,2.44608,0.0],[20.13151,2.44699,0.0],[20.13146,2.44714,0.0],[20.13136,2.44794,0.0],[20.13122,2.44858,0.0],[20.13113,2.44883,0.0],[20.13104,2.44898,0.0],[20.13075,2.44930,0.0],[20.13050,2.44956,0.0],[20.13034,2.44976,0.0],[20.13017,2.45010,0.0],[20.13007,2.45044,0.0],[20.13006,2.45056,0.0],[20.12993,2.45150,0.0],[20.12983,2.45252,0.0],[20.12965,2.45401,0.0],[20.12954,2.45495,0.0],[20.12948,2.45523,0.0],[20.12936,2.45580,0.0],[20.12926,2.45598,0.0],[20.12911,2.45616,0.0],[20.12872,2.45650,0.0],[20.12768,2.45760,0.0],[20.12609,2.45929,0.0],[20.12489,2.46055,0.0],[20.12401,2.46150,0.0],[20.12259,2.46302,0.0],[20.12147,2.46423,0.0],[20.12036,2.46543,0.0],[20.12004,2.46575,0.0],[20.11950,2.46629,0.0],[20.11619,2.46979,0.0],[20.11502,2.47103,0.0],[20.11392,2.47219,0.0],[20.11272,2.47349,0.0],[20.11129,2.47498,0.0],[20.11047,2.47590,0.0],[20.11014,2.47626,0.0],[20.10961,2.47686,0.0],[20.10849,2.47804,0.0],[20.10645,2.48023,0.0],[20.10412,2.48274,0.0],[20.10253,2.48444,0.0],[20.10041,2.48666,0.0],[20.09749,2.48966,0.0],[20.09683,2.49040,0.0],[20.09455,2.49286,0.0],[20.0934,2.49405,0.0],[20.09214,2.49541,0.0],[20.09147,2.49609,0.0],[20.09021,2.49749,0.0],[20.08886,2.49889,0.0],[20.08815,2.49969,0.0],[20.08569,2.50230,0.0],[20.08463,2.50348,0.0],[20.08365,2.50472,0.0],[20.08221,2.50641,0.0],[20.08104,2.50774,0.0],[20.08035,2.50857,0.0],[20.07947,2.50955,0.0],[20.07815,2.51106,0.0],[20.07625,2.51315,0.0],[20.07389,2.51560,0.0],[20.07236,2.51705,0.0],[20.07160,2.51775,0.0],[20.06970,2.51941,0.0],[20.06750,2.52126,0.0],[20.06515,2.52309,0.0],[20.06381,2.52418,0.0],[20.06195,2.52554,0.0],[20.06165,2.52582,0.0],[20.06028,2.52676,0.0],[20.05830,2.52810,0.0],[20.05713,2.52894,0.0],[20.05582,2.52988,0.0],[20.05400,2.53116,0.0],[20.05305,2.53185,0.0],[20.05209,2.53240,0.0],[20.04974,2.53384,0.0],[20.04920,2.53422,0.0],[20.04784,2.53510,0.0],[20.04661,2.53602,0.0],[20.04619,2.53635,0.0],[20.04596,2.53661,0.0],[20.04573,2.53690,0.0],[20.04558,2.53727,0.0],[20.04548,2.53761,0.0],[20.04539,2.53810,0.0],[20.04524,2.53897,0.0],[20.04501,2.54024,0.0],[20.04490,2.54071,0.0],[20.04474,2.54167,0.0],[20.04442,2.54353,0.0],[20.04401,2.54566,0.0],[20.04354,2.54806,0.0],[20.04279,2.55231,0.0],[20.04219,2.55580,0.0],[20.04205,2.55668,0.0],[20.04149,2.56043,0.0],[20.04109,2.56331,0.0],[20.04103,2.56366,0.0],[20.04091,2.56468,0.0],[20.04069,2.56636,0.0],[20.04044,2.56826,0.0],[20.04030,2.56952,0.0],[20.04028,2.57032,0.0],[20.04026,2.57095,0.0],[20.04037,2.57181,0.0],[20.04048,2.57236,0.0],[20.04069,2.57324,0.0],[20.04089,2.57364,0.0],[20.04151,2.57530,0.0],[20.04252,2.57794,0.0],[20.04304,2.57925,0.0],[20.04367,2.58095,0.0],[20.04394,2.58166,0.0],[20.04458,2.58329,0.0],[20.04472,2.58369,0.0],[20.04485,2.58418,0.0],[20.04494,2.58466,0.0],[20.04495,2.58501,0.0],[20.04489,2.58544,0.0],[20.04480,2.58581,0.0],[20.04469,2.58614,0.0],[20.04447,2.58659,0.0],[20.04335,2.58887,0.0],[20.04292,2.58980,0.0],[20.04207,2.59150,0.0],[20.04149,2.59259,0.0],[20.04095,2.59372,0.0],[20.04028,2.59499,0.0],[20.04016,2.59520,0.0],[20.03963,2.59648,0.0],[20.03949,2.59701,0.0],[20.03916,2.59844,0.0],[20.03892,2.59926,0.0],[20.03870,2.60030,0.0],[20.03847,2.60134,0.0],[20.03820,2.60238,0.0],[20.03800,2.60305,0.0],[20.03776,2.60365,0.0],[20.03742,2.60432,0.0],[20.03650,2.60597,0.0],[20.03614,2.60666,0.0],[20.03543,2.60803,0.0],[20.03461,2.60945,0.0],[20.03399,2.61061,0.0],[20.03296,2.61243,0.0],[20.03263,2.61304,0.0],[20.03142,2.61526,0.0],[20.02910,2.61950,0.0],[20.02886,2.61990,0.0],[20.02772,2.62197,0.0],[20.02677,2.62371,0.0],[20.02628,2.62449,0.0],[20.02559,2.62582,0.0],[20.02538,2.62621,0.0],[20.02484,2.62721,0.0],[20.02425,2.62832,0.0],[20.02329,2.63002,0.0],[20.02185,2.63261,0.0],[20.02079,2.63453,0.0],[20.02021,2.63564,0.0],[20.01949,2.63717,0.0],[20.01804,2.63980,0.0],[20.01788,2.64011,0.0],[20.01772,2.64035,0.0],[20.01744,2.64063,0.0],[20.01719,2.64081,0.0],[20.01677,2.64098,0.0],[20.01589,2.64132,0.0],[20.01490,2.64159,0.0],[20.01398,2.64184,0.0],[20.01261,2.64223,0.0],[20.00985,2.64306,0.0],[20.00750,2.64381,0.0],[20.00560,2.64435,0.0],[20.00282,2.64512,0.0],[20.00160,2.64544,0.0],[20.00079,2.64571,0.0],[19.99994,2.64599,0.0],[19.99945,2.64611,0.0],[19.99897,2.64633,0.0],[19.99885,2.64641,0.0],[19.99876,2.64651,0.0],[19.99866,2.64664,0.0],[19.99859,2.64677,0.0],[19.99852,2.64703,0.0],[19.99841,2.64743,0.0],[19.99837,2.64795,0.0],[19.99826,2.64853,0.0],[19.99818,2.64923,0.0],[19.99814,2.64940,0.0],[19.99807,2.64993,0.0],[19.99802,2.65022,0.0],[19.99775,2.65166,0.0],[19.99755,2.65276,0.0],[19.99740,2.65348,0.0],[19.99727,2.65420,0.0],[19.99721,2.65451,0.0],[19.99716,2.65467,0.0],[19.99715,2.65492,0.0],[19.99707,2.65547,0.0],[19.99699,2.65587,0.0],[19.99696,2.65608,0.0],[19.99694,2.65624,0.0],[19.99688,2.65656,0.0],[19.99683,2.65679,0.0],[19.99680,2.65694,0.0],[19.99678,2.65715,0.0],[19.99676,2.65738,0.0],[19.99673,2.65758,0.0],[19.99662,2.65811,0.0],[19.99652,2.65883,0.0],[19.99641,2.65939,0.0],[19.99633,2.65975,0.0],[19.99631,2.66009,0.0],[19.99619,2.66061,0.0],[19.99610,2.66104,0.0],[19.99603,2.66154,0.0],[19.99594,2.66194,0.0],[19.99589,2.66235,0.0],[19.99578,2.66316,0.0],[19.99575,2.66358,0.0],[19.99562,2.66440,0.0],[19.99550,2.66509,0.0],[19.99530,2.66623,0.0],[19.99507,2.66765,0.0],[19.99484,2.66901,0.0],[19.99466,2.67005,0.0],[19.99453,2.67084,0.0],[19.99444,2.67151,0.0],[19.99433,2.67223,0.0],[19.99427,2.67258,0.0],[19.99415,2.67298,0.0],[19.99397,2.67340,0.0],[19.99382,2.67374,0.0],[19.99344,2.67437,0.0],[19.99312,2.67488,0.0],[19.99262,2.67577,0.0],[19.99232,2.67634,0.0],[19.99169,2.67749,0.0],[19.99161,2.67763,0.0],[19.99117,2.67841,0.0],[19.99056,2.67948,0.0],[19.98956,2.68133,0.0],[19.98915,2.68205,0.0],[19.98881,2.68264,0.0],[19.98845,2.68331,0.0],[19.98793,2.68421,0.0],[19.98760,2.68482,0.0],[19.98725,2.68540,0.0],[19.98684,2.68624,0.0],[19.98509,2.68919,0.0],[19.98487,2.68960,0.0],[19.98400,2.69120,0.0],[19.98349,2.69207,0.0],[19.98307,2.69287,0.0],[19.98222,2.69434,0.0],[19.98205,2.69465,0.0],[19.98200,2.69475,0.0],[19.98149,2.69565,0.0],[19.98139,2.69581,0.0],[19.98113,2.69627,0.0],[19.98098,2.69664,0.0],[19.98086,2.69698,0.0],[19.98078,2.69719,0.0],[19.98071,2.69750,0.0],[19.98072,2.69779,0.0],[19.98073,2.69814,0.0],[19.98077,2.69842,0.0],[19.98087,2.69896,0.0],[19.98119,2.70024,0.0],[19.98128,2.70066,0.0],[19.98170,2.70244,0.0],[19.98205,2.70383,0.0],[19.98242,2.70543,0.0],[19.98295,2.70766,0.0],[19.98317,2.70863,0.0],[19.98346,2.70983,0.0],[19.98375,2.71110,0.0],[19.98396,2.71195,0.0],[19.98409,2.71260,0.0],[19.98428,2.71327,0.0],[19.98472,2.71525,0.0],[19.98501,2.71641,0.0],[19.98513,2.71687,0.0],[19.98518,2.71722,0.0],[19.98563,2.71927,0.0],[19.98597,2.72052,0.0],[19.98628,2.72182,0.0],[19.98792,2.72886,0.0],[19.98845,2.73123,0.0],[19.98927,2.73463,0.0],[19.99065,2.74078,0.0],[19.99192,2.74624,0.0],[19.99591,2.75876,0.0],[19.99605,2.75914,0.0],[19.99663,2.76118,0.0],[19.99677,2.76170,0.0],[19.99679,2.76234,0.0],[19.99670,2.76275,0.0],[19.99655,2.76324,0.0],[19.99640,2.76367,0.0],[19.99619,2.76412,0.0],[19.99483,2.76683,0.0],[19.99271,2.77110,0.0],[19.98990,2.77670,0.0],[19.98960,2.77735,0.0],[19.98747,2.78155,0.0],[19.98668,2.78336,0.0],[19.98621,2.78458,0.0],[19.98563,2.78613,0.0],[19.98525,2.78699,0.0],[19.98483,2.78777,0.0],[19.98341,2.79078,0.0],[19.98269,2.79227,0.0],[19.98039,2.79696,0.0],[19.98019,2.79736,0.0],[19.97953,2.79837,0.0],[19.97833,2.80054,0.0],[19.97663,2.80382,0.0],[19.97438,2.80824,0.0],[19.96995,2.81691,0.0],[19.96855,2.81911,0.0],[19.96454,2.82525,0.0],[19.96144,2.83043,0.0],[19.95943,2.83379,0.0],[19.95878,2.83496,0.0],[19.95796,2.83615,0.0],[19.95634,2.83841,0.0],[19.95317,2.84305,0.0],[19.95097,2.84640,0.0],[19.93261,2.87428,0.0],[19.93224,2.87484,0.0],[19.93154,2.87587,0.0],[19.92955,2.87893,0.0],[19.92690,2.88308,0.0],[19.92505,2.88628,0.0],[19.92345,2.88891,0.0],[19.92075,2.89327,0.0],[19.91976,2.89506,0.0],[19.91909,2.89641,0.0],[19.91828,2.89825,0.0],[19.91812,2.89848,0.0],[19.91726,2.90061,0.0],[19.91713,2.90092,0.0],[19.91656,2.90221,0.0],[19.91626,2.90292,0.0],[19.91591,2.90369,0.0],[19.91566,2.90422,0.0],[19.91385,2.90799,0.0],[19.90804,2.91981,0.0],[19.90503,2.92564,0.0],[19.90445,2.92718,0.0],[19.90324,2.92937,0.0],[19.90262,2.93061,0.0],[19.90219,2.93156,0.0],[19.90201,2.93256,0.0],[19.90196,2.93361,0.0],[19.90194,2.93445,0.0],[19.90167,2.93910,0.0],[19.90158,2.94078,0.0],[19.90132,2.94554,0.0],[19.90120,2.94731,0.0],[19.90109,2.94890,0.0],[19.90110,2.94923,0.0],[19.90098,2.95236,0.0],[19.90089,2.95362,0.0],[19.90041,2.96283,0.0],[19.89987,2.97313,0.0],[19.89983,2.97362,0.0],[19.89982,2.97406,0.0],[19.89978,2.97473,0.0],[19.89977,2.97530,0.0],[19.89967,2.97746,0.0],[19.89955,2.97829,0.0],[19.89953,2.97881,0.0],[19.89936,2.98201,0.0],[19.89845,3.00023,0.0],[19.89845,3.00034,0.0],[19.89780,3.01147,0.0],[19.89742,3.01353,0.0],[19.89367,3.02793,0.0],[19.89294,3.03072,0.0],[19.89073,3.03915,0.0],[19.88685,3.05412,0.0],[19.88591,3.05778,0.0],[19.88239,3.07134,0.0],[19.88215,3.07202,0.0],[19.88204,3.07220,0.0],[19.88190,3.07234,0.0],[19.88177,3.07244,0.0],[19.88060,3.07258,0.0],[19.87963,3.07265,0.0],[19.87913,3.07267,0.0],[19.87863,3.07269,0.0],[19.87799,3.07278,0.0],[19.87740,3.07292,0.0],[19.87680,3.07317,0.0],[19.87504,3.07403,0.0],[19.87416,3.07446,0.0],[19.87372,3.07468,0.0],[19.87327,3.07489,0.0],[19.87280,3.07511,0.0],[19.87237,3.07540,0.0],[19.87188,3.07582,0.0],[19.87146,3.07628,0.0],[19.87077,3.07707,0.0],[19.87005,3.07799,0.0],[19.86931,3.07900,0.0],[19.86917,3.07917,0.0],[19.86866,3.07972,0.0],[19.86793,3.08030,0.0],[19.86716,3.08080,0.0],[19.86674,3.08102,0.0],[19.86600,3.08140,0.0],[19.86553,3.08178,0.0],[19.86528,3.08205,0.0],[19.86505,3.08228,0.0],[19.86485,3.08255,0.0],[19.86469,3.08281,0.0],[19.86424,3.08327,0.0],[19.86381,3.08360,0.0],[19.86332,3.08392,0.0],[19.86290,3.08420,0.0],[19.86243,3.08446,0.0],[19.86175,3.08468,0.0],[19.86106,3.08485,0.0],[19.86035,3.08517,0.0],[19.86001,3.08536,0.0],[19.85964,3.08549,0.0],[19.85924,3.08564,0.0],[19.85856,3.08577,0.0],[19.85747,3.08589,0.0],[19.85680,3.08597,0.0],[19.85613,3.08615,0.0],[19.85544,3.08655,0.0],[19.85513,3.08678,0.0],[19.85468,3.08693,0.0],[19.85409,3.08710,0.0],[19.85365,3.08718,0.0],[19.85328,3.08717,0.0],[19.85294,3.08718,0.0],[19.85259,3.08718,0.0],[19.85186,3.08713,0.0],[19.85118,3.08723,0.0],[19.85047,3.08752,0.0],[19.84987,3.08784,0.0],[19.84957,3.08802,0.0],[19.84929,3.08822,0.0],[19.84865,3.08883,0.0],[19.84835,3.08915,0.0],[19.84806,3.08947,0.0],[19.84776,3.08993,0.0],[19.84752,3.09051,0.0],[19.84679,3.09330,0.0],[19.84647,3.09396,0.0],[19.84629,3.09429,0.0],[19.84607,3.09457,0.0],[19.84561,3.09504,0.0],[19.84541,3.09521,0.0],[19.84510,3.09545,0.0],[19.84463,3.09577,0.0],[19.84425,3.09592,0.0],[19.84374,3.09609,0.0],[19.84327,3.09620,0.0],[19.84281,3.09637,0.0],[19.84238,3.09657,0.0],[19.84197,3.09682,0.0],[19.84126,3.09732,0.0],[19.84025,3.09828,0.0],[19.83939,3.09901,0.0],[19.83901,3.09940,0.0],[19.83865,3.09983,0.0],[19.83843,3.10010,0.0],[19.83819,3.10051,0.0],[19.83758,3.10173,0.0],[19.83743,3.10205,0.0],[19.83729,3.10241,0.0],[19.83686,3.10301,0.0],[19.83658,3.10338,0.0],[19.83630,3.10372,0.0],[19.83614,3.10394,0.0],[19.83572,3.10441,0.0],[19.83465,3.10577,0.0],[19.83337,3.10703,0.0],[19.83302,3.10737,0.0],[19.83224,3.10822,0.0],[19.83157,3.10903,0.0],[19.83082,3.10973,0.0],[19.83032,3.11008,0.0],[19.82981,3.11035,0.0],[19.82920,3.11060,0.0],[19.82858,3.11073,0.0],[19.82763,3.11105,0.0],[19.82726,3.11111,0.0],[19.82682,3.11128,0.0],[19.82607,3.11174,0.0],[19.82520,3.11291,0.0],[19.82448,3.11420,0.0],[19.82382,3.11525,0.0],[19.82369,3.11551,0.0],[19.82364,3.11574,0.0],[19.82363,3.11593,0.0],[19.82361,3.11633,0.0],[19.82367,3.11752,0.0],[19.82374,3.11858,0.0],[19.82388,3.11987,0.0],[19.82401,3.12120,0.0],[19.82418,3.12262,0.0],[19.82421,3.12330,0.0],[19.82423,3.12407,0.0],[19.82420,3.12455,0.0],[19.82412,3.12504,0.0],[19.82307,3.12844,0.0],[19.82236,3.13087,0.0],[19.82212,3.13155,0.0],[19.82176,3.13226,0.0],[19.81952,3.13606,0.0],[19.81902,3.13704,0.0],[19.81881,3.13762,0.0],[19.81878,3.13799,0.0],[19.81868,3.13875,0.0],[19.81902,3.14495,0.0],[19.81907,3.14700,0.0],[19.81885,3.14819,0.0],[19.81599,3.15684,0.0],[19.81456,3.16119,0.0],[19.81438,3.16176,0.0],[19.81411,3.16311,0.0],[19.81391,3.16468,0.0],[19.81348,3.16835,0.0],[19.81314,3.17088,0.0],[19.81293,3.17290,0.0],[19.81286,3.17335,0.0],[19.81263,3.17537,0.0],[19.81216,3.17858,0.0],[19.81217,3.17878,0.0],[19.81174,3.18242,0.0],[19.81128,3.18572,0.0],[19.81111,3.18736,0.0],[19.81086,3.18998,0.0],[19.81066,3.19149,0.0],[19.81039,3.19386,0.0],[19.81022,3.19451,0.0],[19.81003,3.19495,0.0],[19.80989,3.19516,0.0],[19.80973,3.19534,0.0],[19.80944,3.19559,0.0],[19.80862,3.19627,0.0],[19.80731,3.19739,0.0],[19.80698,3.19766,0.0],[19.80488,3.19941,0.0],[19.80385,3.20026,0.0],[19.80363,3.20046,0.0],[19.80284,3.20114,0.0],[19.80238,3.20152,0.0],[19.80195,3.20187,0.0],[19.80116,3.20253,0.0],[19.80077,3.20286,0.0],[19.80040,3.20320,0.0],[19.79959,3.20388,0.0],[19.79879,3.20457,0.0],[19.79856,3.20477,0.0],[19.79692,3.20622,0.0],[19.79634,3.20672,0.0],[19.79531,3.20763,0.0],[19.79424,3.20857,0.0],[19.79369,3.20906,0.0],[19.79316,3.20955,0.0],[19.79257,3.21005,0.0],[19.79205,3.21050,0.0],[19.79119,3.21120,0.0],[19.79074,3.21158,0.0],[19.79006,3.21215,0.0],[19.78912,3.21291,0.0],[19.78912,3.21291,0.0],[19.78892,3.21306,0.0],[19.78820,3.21362,0.0],[19.78776,3.21399,0.0],[19.78727,3.21435,0.0],[19.78670,3.21480,0.0],[19.78623,3.21515,0.0],[19.78426,3.21671,0.0],[19.78318,3.21759,0.0],[19.78275,3.21795,0.0],[19.78146,3.21896,0.0],[19.78097,3.21934,0.0],[19.78087,3.21941,0.0],[19.78021,3.21994,0.0],[19.77972,3.22034,0.0],[19.77938,3.22064,0.0],[19.77836,3.22136,0.0],[19.77764,3.22188,0.0],[19.77710,3.22229,0.0],[19.77638,3.22280,0.0],[19.77607,3.22299,0.0],[19.77592,3.22314,0.0],[19.77590,3.22334,0.0],[19.77582,3.22405,0.0],[19.77570,3.22491,0.0],[19.77569,3.22506,0.0],[19.77569,3.22519,0.0],[19.77570,3.22533,0.0],[19.77576,3.22568,0.0],[19.77587,3.22604,0.0],[19.77651,3.22734,0.0],[19.77678,3.22789,0.0],[19.77693,3.22814,0.0],[19.77728,3.22881,0.0],[19.77753,3.22931,0.0],[19.77776,3.22996,0.0],[19.77793,3.23048,0.0],[19.77815,3.23108,0.0],[19.77823,3.23121,0.0],[19.77829,3.23125,0.0],[19.77922,3.23145,0.0],[19.78002,3.23165,0.0],[19.78130,3.23190,0.0],[19.78141,3.23194,0.0],[19.78153,3.23200,0.0],[19.78163,3.23210,0.0],[19.78178,3.23229,0.0],[19.78188,3.23260,0.0],[19.78197,3.23281,0.0],[19.78209,3.23336,0.0],[19.78218,3.23378,0.0],[19.78214,3.23406,0.0],[19.78203,3.23428,0.0],[19.78192,3.23435,0.0],[19.78166,3.23444,0.0],[19.78071,3.23469,0.0],[19.78030,3.23477,0.0],[19.77976,3.23489,0.0],[19.77957,3.23499,0.0],[19.77948,3.23507,0.0],[19.77943,3.23520,0.0],[19.77942,3.23531,0.0],[19.77973,3.23658,0.0],[19.77998,3.23737,0.0],[19.78009,3.23766,0.0],[19.78042,3.23861,0.0],[19.78059,3.23919,0.0],[19.78088,3.24030,0.0],[19.78110,3.24172,0.0],[19.78120,3.24229,0.0],[19.78125,3.24276,0.0],[19.78123,3.24323,0.0],[19.78113,3.24368,0.0],[19.78107,3.24382,0.0],[19.78095,3.24464,0.0],[19.78069,3.24455,0.0],[19.78034,3.24443,0.0],[19.78016,3.24438,0.0],[19.77865,3.24389,0.0],[19.77742,3.24347,0.0],[19.77690,3.24324,0.0],[19.77683,3.24322,0.0],[19.77660,3.24312,0.0],[19.77515,3.24263,0.0],[19.77395,3.24224,0.0]]}},{"type":"Feature","properties":{"phase_nom":"Phase 2 - Gemena-Boyabo-Zongo","longueur_km":155.3,"phase":2},"geometry":{"type":"LineString","coordinates":[[19.77395,3.24224,0.0],[19.77310,3.24196,0.0],[19.77286,3.24187,0.0],[19.77238,3.24174,0.0],[19.77207,3.24166,0.0],[19.77159,3.24153,0.0],[19.77084,3.24131,0.0],[19.77049,3.24122,0.0],[19.77013,3.24112,0.0],[19.77002,3.24108,0.0],[19.76930,3.24088,0.0],[19.76842,3.24065,0.0],[19.76722,3.24036,0.0],[19.76653,3.24027,0.0],[19.76568,3.24025,0.0],[19.76496,3.24030,0.0],[19.76447,3.24040,0.0],[19.76364,3.24057,0.0],[19.76309,3.24068,0.0],[19.76253,3.24082,0.0],[19.76199,3.24093,0.0],[19.76148,3.24105,0.0],[19.76091,3.24121,0.0],[19.76040,3.24142,0.0],[19.75903,3.24199,0.0],[19.75867,3.24212,0.0],[19.75835,3.24220,0.0],[19.75825,3.24220,0.0],[19.75778,3.24218,0.0],[19.75735,3.24208,0.0],[19.75669,3.24184,0.0],[19.75584,3.24150,0.0],[19.75498,3.24124,0.0],[19.75424,3.24101,0.0],[19.75392,3.24088,0.0],[19.75365,3.24077,0.0],[19.75343,3.24062,0.0],[19.75315,3.24042,0.0],[19.75273,3.24001,0.0],[19.75241,3.23958,0.0],[19.75209,3.23898,0.0],[19.75200,3.23873,0.0],[19.75176,3.23808,0.0],[19.75148,3.23746,0.0],[19.75130,3.23720,0.0],[19.75107,3.23695,0.0],[19.75086,3.23676,0.0],[19.75062,3.23658,0.0],[19.75051,3.23651,0.0],[19.75039,3.23645,0.0],[19.75001,3.23628,0.0],[19.74974,3.23623,0.0],[19.74951,3.23619,0.0],[19.74854,3.23608,0.0],[19.74815,3.23603,0.0],[19.74760,3.23597,0.0],[19.74721,3.23590,0.0],[19.74677,3.23585,0.0],[19.74585,3.23567,0.0],[19.74544,3.23554,0.0],[19.74523,3.23548,0.0],[19.74502,3.23548,0.0],[19.74472,3.23550,0.0],[19.74454,3.23555,0.0],[19.74413,3.23567,0.0],[19.74340,3.23596,0.0],[19.74258,3.23625,0.0],[19.74227,3.23638,0.0],[19.74175,3.23658,0.0],[19.74174,3.23658,0.0],[19.74138,3.23681,0.0],[19.74106,3.23703,0.0],[19.74076,3.23729,0.0],[19.74056,3.23753,0.0],[19.74033,3.23787,0.0],[19.74006,3.23843,0.0],[19.73979,3.23892,0.0],[19.73951,3.23939,0.0],[19.73932,3.23961,0.0],[19.73916,3.23976,0.0],[19.73879,3.24006,0.0],[19.73842,3.24034,0.0],[19.73798,3.24062,0.0],[19.73765,3.24080,0.0],[19.73711,3.24105,0.0],[19.73672,3.24117,0.0],[19.73622,3.24130,0.0],[19.73549,3.24146,0.0],[19.73457,3.24162,0.0],[19.73366,3.24178,0.0],[19.73283,3.24196,0.0],[19.73129,3.24231,0.0],[19.73037,3.24246,0.0],[19.72968,3.24253,0.0],[19.72897,3.24250,0.0],[19.72810,3.24247,0.0],[19.72699,3.24247,0.0],[19.72575,3.24250,0.0],[19.72467,3.24251,0.0],[19.72398,3.24254,0.0],[19.72347,3.24254,0.0],[19.72289,3.24248,0.0],[19.72256,3.24242,0.0],[19.72215,3.24227,0.0],[19.72180,3.24219,0.0],[19.72138,3.24212,0.0],[19.72056,3.24205,0.0],[19.71955,3.24193,0.0],[19.71873,3.24178,0.0],[19.71782,3.24154,0.0],[19.71680,3.24122,0.0],[19.71414,3.24025,0.0],[19.71394,3.24021,0.0],[19.71279,3.24003,0.0],[19.71229,3.23998,0.0],[19.71142,3.23992,0.0],[19.71095,3.23991,0.0],[19.71051,3.23987,0.0],[19.71025,3.23980,0.0],[19.70966,3.23958,0.0],[19.70934,3.23936,0.0],[19.70906,3.23913,0.0],[19.70850,3.23861,0.0],[19.70818,3.23827,0.0],[19.70800,3.23797,0.0],[19.70792,3.23779,0.0],[19.70784,3.23746,0.0],[19.70771,3.23684,0.0],[19.70758,3.23632,0.0],[19.70716,3.23533,0.0],[19.70695,3.23499,0.0],[19.70682,3.23462,0.0],[19.70674,3.23431,0.0],[19.70668,3.23396,0.0],[19.70661,3.23365,0.0],[19.70648,3.23337,0.0],[19.70629,3.23306,0.0],[19.70610,3.23282,0.0],[19.70583,3.23241,0.0],[19.70557,3.23213,0.0],[19.70529,3.23187,0.0],[19.70502,3.23164,0.0],[19.70426,3.23113,0.0],[19.70403,3.23099,0.0],[19.70311,3.23048,0.0],[19.70258,3.23025,0.0],[19.70147,3.22978,0.0],[19.70098,3.22960,0.0],[19.70050,3.22946,0.0],[19.70003,3.22937,0.0],[19.69965,3.22933,0.0],[19.69916,3.22931,0.0],[19.69849,3.22944,0.0],[19.69751,3.22958,0.0],[19.69685,3.22966,0.0],[19.69515,3.22967,0.0],[19.69466,3.22964,0.0],[19.69411,3.22963,0.0],[19.69357,3.22955,0.0],[19.69299,3.22938,0.0],[19.69251,3.22921,0.0],[19.69148,3.22894,0.0],[19.69118,3.22889,0.0],[19.69086,3.22889,0.0],[19.69015,3.22916,0.0],[19.68983,3.22930,0.0],[19.68883,3.22958,0.0],[19.68789,3.22990,0.0],[19.68699,3.23037,0.0],[19.68616,3.23088,0.0],[19.68535,3.23141,0.0],[19.68486,3.23183,0.0],[19.68454,3.23221,0.0],[19.68431,3.23257,0.0],[19.68393,3.23384,0.0],[19.68388,3.23405,0.0],[19.68368,3.23467,0.0],[19.68317,3.23614,0.0],[19.68252,3.23794,0.0],[19.68204,3.23928,0.0],[19.68171,3.24014,0.0],[19.68085,3.24221,0.0],[19.68026,3.24366,0.0],[19.67987,3.24439,0.0],[19.67959,3.24482,0.0],[19.67927,3.24521,0.0],[19.67905,3.24543,0.0],[19.67871,3.24573,0.0],[19.67814,3.24603,0.0],[19.67768,3.24622,0.0],[19.67739,3.24632,0.0],[19.67705,3.24643,0.0],[19.67662,3.24654,0.0],[19.67635,3.24656,0.0],[19.67597,3.24650,0.0],[19.67547,3.24634,0.0],[19.67503,3.24615,0.0],[19.67453,3.24588,0.0],[19.67272,3.24488,0.0],[19.67187,3.24444,0.0],[19.67132,3.24421,0.0],[19.67053,3.24391,0.0],[19.66845,3.24322,0.0],[19.66786,3.24316,0.0],[19.66710,3.24308,0.0],[19.66641,3.24306,0.0],[19.66603,3.24311,0.0],[19.66524,3.24329,0.0],[19.66438,3.24352,0.0],[19.66387,3.24367,0.0],[19.66298,3.24398,0.0],[19.66263,3.24411,0.0],[19.66242,3.24421,0.0],[19.66218,3.24437,0.0],[19.66194,3.24460,0.0],[19.66120,3.24560,0.0],[19.66101,3.24620,0.0],[19.66084,3.24683,0.0],[19.66051,3.24809,0.0],[19.66015,3.24891,0.0],[19.65951,3.25038,0.0],[19.65929,3.25078,0.0],[19.65854,3.25234,0.0],[19.65836,3.25264,0.0],[19.65816,3.25286,0.0],[19.65741,3.25354,0.0],[19.65700,3.25385,0.0],[19.65628,3.25452,0.0],[19.65587,3.25496,0.0],[19.65482,3.25608,0.0],[19.65387,3.25695,0.0],[19.65323,3.25767,0.0],[19.65278,3.25829,0.0],[19.65204,3.25923,0.0],[19.65065,3.26048,0.0],[19.64940,3.26147,0.0],[19.64840,3.26209,0.0],[19.64692,3.26282,0.0],[19.64174,3.26555,0.0],[19.63635,3.26845,0.0],[19.63256,3.27021,0.0],[19.62959,3.27155,0.0],[19.62636,3.27298,0.0],[19.62457,3.27344,0.0],[19.62323,3.27364,0.0],[19.62139,3.27376,0.0],[19.61981,3.27417,0.0],[19.61800,3.27473,0.0],[19.61573,3.27545,0.0],[19.61514,3.27565,0.0],[19.61468,3.27587,0.0],[19.61424,3.27601,0.0],[19.61368,3.27608,0.0],[19.61324,3.27610,0.0],[19.61277,3.27605,0.0],[19.61241,3.27596,0.0],[19.61075,3.27550,0.0],[19.60869,3.27502,0.0],[19.60753,3.27468,0.0],[19.60692,3.27448,0.0],[19.60612,3.27412,0.0],[19.60557,3.27379,0.0],[19.60519,3.27351,0.0],[19.60491,3.27332,0.0],[19.60470,3.27323,0.0],[19.60423,3.27306,0.0],[19.60363,3.27294,0.0],[19.60309,3.27287,0.0],[19.60225,3.27274,0.0],[19.60006,3.27243,0.0],[19.59971,3.27233,0.0],[19.59922,3.27218,0.0],[19.59882,3.27207,0.0],[19.59772,3.27166,0.0],[19.59721,3.27142,0.0],[19.59576,3.27094,0.0],[19.59491,3.27072,0.0],[19.59423,3.27064,0.0],[19.59374,3.27067,0.0],[19.59305,3.27081,0.0],[19.59159,3.27127,0.0],[19.59115,3.27151,0.0],[19.59075,3.27176,0.0],[19.58799,3.27363,0.0],[19.58666,3.27463,0.0],[19.58593,3.27515,0.0],[19.58537,3.27548,0.0],[19.58472,3.27591,0.0],[19.58405,3.27624,0.0],[19.58334,3.27642,0.0],[19.58172,3.27666,0.0],[19.57763,3.27695,0.0],[19.57660,3.27703,0.0],[19.57575,3.27717,0.0],[19.57505,3.27737,0.0],[19.57463,3.27759,0.0],[19.57397,3.27797,0.0],[19.57298,3.27877,0.0],[19.57217,3.27940,0.0],[19.57128,3.28001,0.0],[19.56888,3.28137,0.0],[19.56760,3.28210,0.0],[19.56614,3.28294,0.0],[19.56562,3.28315,0.0],[19.56488,3.28336,0.0],[19.56355,3.28364,0.0],[19.56295,3.28372,0.0],[19.56226,3.28361,0.0],[19.56044,3.28326,0.0],[19.55986,3.28314,0.0],[19.55675,3.28241,0.0],[19.55338,3.28165,0.0],[19.55248,3.28157,0.0],[19.55136,3.28148,0.0],[19.55029,3.28146,0.0],[19.54913,3.28152,0.0],[19.54827,3.28162,0.0],[19.54692,3.28185,0.0],[19.54618,3.28194,0.0],[19.54359,3.28232,0.0],[19.54300,3.28244,0.0],[19.54222,3.28264,0.0],[19.54105,3.28303,0.0],[19.54041,3.28316,0.0],[19.54001,3.28319,0.0],[19.53788,3.28293,0.0],[19.53701,3.28281,0.0],[19.53552,3.28266,0.0],[19.53424,3.28262,0.0],[19.53376,3.28261,0.0],[19.53333,3.28272,0.0],[19.53306,3.28288,0.0],[19.53252,3.28334,0.0],[19.53204,3.28383,0.0],[19.53098,3.28506,0.0],[19.53057,3.28549,0.0],[19.53010,3.28599,0.0],[19.52951,3.28676,0.0],[19.52908,3.28750,0.0],[19.52893,3.28779,0.0],[19.52883,3.28791,0.0],[19.52875,3.28799,0.0],[19.52857,3.28814,0.0],[19.52847,3.28823,0.0],[19.52801,3.28848,0.0],[19.52731,3.28881,0.0],[19.52555,3.28936,0.0],[19.52422,3.28957,0.0],[19.52215,3.28979,0.0],[19.52176,3.28981,0.0],[19.52072,3.28990,0.0],[19.51741,3.29027,0.0],[19.51726,3.29030,0.0],[19.51709,3.29033,0.0],[19.51484,3.29118,0.0],[19.51226,3.29226,0.0],[19.50855,3.29374,0.0],[19.50786,3.29393,0.0],[19.50737,3.29406,0.0],[19.50688,3.29414,0.0],[19.50614,3.29424,0.0],[19.50563,3.29428,0.0],[19.50332,3.29444,0.0],[19.50065,3.29457,0.0],[19.49909,3.29461,0.0],[19.49747,3.29475,0.0],[19.49643,3.29487,0.0],[19.49513,3.29507,0.0],[19.49423,3.29525,0.0],[19.49393,3.29531,0.0],[19.49359,3.29541,0.0],[19.49302,3.29575,0.0],[19.49237,3.29617,0.0],[19.49218,3.29628,0.0],[19.49125,3.29682,0.0],[19.49103,3.29691,0.0],[19.49074,3.29701,0.0],[19.49028,3.29715,0.0],[19.48986,3.29723,0.0],[19.48919,3.29738,0.0],[19.48798,3.29746,0.0],[19.48591,3.29781,0.0],[19.48482,3.29810,0.0],[19.48358,3.29863,0.0],[19.48269,3.29895,0.0],[19.48192,3.29922,0.0],[19.48124,3.29941,0.0],[19.48044,3.29950,0.0],[19.47868,3.29985,0.0],[19.47680,3.30017,0.0],[19.47504,3.30049,0.0],[19.47337,3.30065,0.0],[19.47231,3.30073,0.0],[19.47105,3.30077,0.0],[19.46977,3.30077,0.0],[19.46870,3.30073,0.0],[19.46766,3.30068,0.0],[19.46648,3.30061,0.0],[19.46574,3.30056,0.0],[19.46444,3.30054,0.0],[19.46356,3.30062,0.0],[19.46238,3.30076,0.0],[19.46185,3.30081,0.0],[19.46144,3.30092,0.0],[19.46042,3.30132,0.0],[19.45985,3.30154,0.0],[19.45880,3.30183,0.0],[19.45573,3.30263,0.0],[19.45477,3.30277,0.0],[19.45432,3.30291,0.0],[19.45204,3.30373,0.0],[19.45061,3.30437,0.0],[19.45017,3.30456,0.0],[19.44975,3.30480,0.0],[19.44916,3.30522,0.0],[19.44831,3.30579,0.0],[19.44803,3.30593,0.0],[19.44768,3.30621,0.0],[19.44738,3.30657,0.0],[19.44702,3.30686,0.0],[19.44674,3.30710,0.0],[19.44624,3.30740,0.0],[19.44571,3.30769,0.0],[19.44491,3.30800,0.0],[19.44439,3.30825,0.0],[19.44384,3.30854,0.0],[19.44176,3.31013,0.0],[19.43924,3.31222,0.0],[19.43836,3.31295,0.0],[19.43752,3.31356,0.0],[19.43672,3.31411,0.0],[19.43658,3.31415,0.0],[19.43603,3.31430,0.0],[19.43553,3.31453,0.0],[19.43537,3.31466,0.0],[19.43504,3.31478,0.0],[19.43373,3.31493,0.0],[19.43279,3.31511,0.0],[19.43074,3.31569,0.0],[19.43036,3.31574,0.0],[19.42994,3.31575,0.0],[19.42953,3.31570,0.0],[19.42610,3.31487,0.0],[19.42583,3.31484,0.0],[19.42548,3.31482,0.0],[19.42482,3.31479,0.0],[19.42450,3.31486,0.0],[19.42410,3.31501,0.0],[19.42250,3.31568,0.0],[19.42164,3.31620,0.0],[19.41919,3.31760,0.0],[19.41875,3.31781,0.0],[19.41792,3.31819,0.0],[19.41566,3.31900,0.0],[19.41506,3.31921,0.0],[19.41425,3.31964,0.0],[19.41307,3.32062,0.0],[19.41288,3.32075,0.0],[19.41268,3.32085,0.0],[19.41090,3.32138,0.0],[19.40942,3.32199,0.0],[19.40920,3.32208,0.0],[19.40873,3.32223,0.0],[19.40810,3.32223,0.0],[19.40537,3.32173,0.0],[19.40188,3.32130,0.0],[19.39828,3.32086,0.0],[19.39731,3.32078,0.0],[19.39459,3.32016,0.0],[19.39419,3.32004,0.0],[19.39259,3.31932,0.0],[19.39238,3.31927,0.0],[19.39228,3.31925,0.0],[19.39164,3.31910,0.0],[19.39122,3.31907,0.0],[19.39082,3.31905,0.0],[19.39062,3.31904,0.0],[19.39046,3.31903,0.0],[19.39008,3.31903,0.0],[19.38962,3.31905,0.0],[19.38937,3.31906,0.0],[19.38862,3.31910,0.0],[19.38815,3.31926,0.0],[19.38670,3.31973,0.0],[19.38605,3.32012,0.0],[19.38597,3.32017,0.0],[19.38530,3.32061,0.0],[19.38478,3.32099,0.0],[19.38451,3.32120,0.0],[19.38440,3.32129,0.0],[19.38353,3.32213,0.0],[19.38344,3.32223,0.0],[19.38319,3.32251,0.0],[19.38315,3.32256,0.0],[19.38236,3.32325,0.0],[19.38002,3.32523,0.0],[19.37987,3.32534,0.0],[19.37625,3.32759,0.0],[19.37610,3.32772,0.0],[19.37594,3.32792,0.0],[19.37588,3.32809,0.0],[19.37585,3.32831,0.0],[19.37653,3.33004,0.0],[19.37697,3.33109,0.0],[19.37740,3.33254,0.0],[19.37753,3.33297,0.0],[19.37814,3.33606,0.0],[19.37890,3.33896,0.0],[19.37982,3.34275,0.0],[19.38023,3.34443,0.0],[19.38027,3.34469,0.0],[19.38026,3.34495,0.0],[19.38019,3.34526,0.0],[19.37877,3.34986,0.0],[19.37782,3.35283,0.0],[19.37671,3.35651,0.0],[19.37665,3.35683,0.0],[19.37656,3.35730,0.0],[19.37658,3.35761,0.0],[19.37707,3.36311,0.0],[19.37718,3.36560,0.0],[19.37726,3.36736,0.0],[19.37726,3.36747,0.0],[19.37730,3.36912,0.0],[19.37737,3.36947,0.0],[19.37794,3.37087,0.0],[19.37893,3.37400,0.0],[19.37942,3.37536,0.0],[19.37971,3.37589,0.0],[19.38069,3.37746,0.0],[19.38198,3.37975,0.0],[19.38316,3.38210,0.0],[19.38556,3.38739,0.0],[19.38583,3.38890,0.0],[19.38629,3.39163,0.0],[19.38674,3.39347,0.0],[19.38694,3.39448,0.0],[19.38695,3.39526,0.0],[19.38666,3.39811,0.0],[19.38620,3.40208,0.0],[19.38569,3.40674,0.0],[19.38528,3.41001,0.0],[19.38505,3.41143,0.0],[19.38485,3.41201,0.0],[19.38405,3.41409,0.0],[19.38390,3.41477,0.0],[19.38366,3.41597,0.0],[19.38357,3.41657,0.0],[19.38344,3.41756,0.0],[19.38345,3.41781,0.0],[19.38355,3.41831,0.0],[19.38526,3.42424,0.0],[19.38655,3.42851,0.0],[19.38732,3.43068,0.0],[19.38852,3.43379,0.0],[19.39184,3.44315,0.0],[19.39217,3.44442,0.0],[19.39254,3.44780,0.0],[19.39320,3.45234,0.0],[19.39396,3.45653,0.0],[19.39410,3.46223,0.0],[19.39420,3.46386,0.0],[19.39414,3.46465,0.0],[19.39382,3.46585,0.0],[19.39225,3.47149,0.0],[19.39164,3.47375,0.0],[19.39109,3.47601,0.0],[19.39085,3.47707,0.0],[19.39033,3.47943,0.0],[19.38979,3.48208,0.0],[19.38975,3.48222,0.0],[19.38972,3.48238,0.0],[19.38950,3.48348,0.0],[19.38826,3.48685,0.0],[19.38721,3.48966,0.0],[19.38713,3.48987,0.0],[19.38709,3.48995,0.0],[19.38673,3.49083,0.0],[19.38642,3.49173,0.0],[19.38582,3.49293,0.0],[19.38481,3.49479,0.0],[19.38435,3.49578,0.0],[19.38431,3.49596,0.0],[19.38391,3.49799,0.0],[19.38336,3.49950,0.0],[19.38310,3.50046,0.0],[19.38270,3.50132,0.0],[19.38170,3.50282,0.0],[19.37837,3.50742,0.0],[19.37646,3.50972,0.0],[19.37357,3.51291,0.0],[19.37054,3.51609,0.0],[19.36485,3.52211,0.0],[19.36277,3.52387,0.0],[19.35456,3.53063,0.0],[19.34480,3.53908,0.0],[19.34184,3.54162,0.0],[19.34012,3.54310,0.0],[19.33838,3.54471,0.0],[19.33680,3.54606,0.0],[19.33515,3.54759,0.0],[19.33456,3.54811,0.0],[19.33169,3.55045,0.0],[19.33147,3.55060,0.0],[19.33117,3.55088,0.0],[19.32869,3.55441,0.0],[19.32730,3.55668,0.0],[19.32698,3.55711,0.0],[19.32681,3.55728,0.0],[19.32546,3.55842,0.0],[19.32528,3.55854,0.0],[19.32493,3.55876,0.0],[19.32382,3.55929,0.0],[19.32293,3.55972,0.0],[19.32285,3.55975,0.0],[19.31814,3.56055,0.0],[19.31600,3.56092,0.0],[19.31570,3.56094,0.0],[19.31540,3.56095,0.0],[19.31514,3.56090,0.0],[19.31446,3.56076,0.0],[19.31242,3.56033,0.0],[19.31205,3.56031,0.0],[19.31195,3.56031,0.0],[19.31067,3.56032,0.0],[19.30904,3.56052,0.0],[19.30762,3.56075,0.0],[19.30619,3.56087,0.0],[19.30356,3.56105,0.0],[19.28826,3.56230,0.0],[19.28540,3.56285,0.0],[19.27984,3.56399,0.0],[19.27411,3.56550,0.0],[19.27048,3.56649,0.0],[19.26959,3.56656,0.0],[19.26845,3.56667,0.0],[19.26591,3.56690,0.0],[19.26572,3.56697,0.0],[19.26550,3.56707,0.0],[19.26537,3.56727,0.0],[19.26518,3.56760,0.0],[19.26440,3.56906,0.0],[19.26400,3.56983,0.0],[19.26378,3.57009,0.0],[19.26257,3.57091,0.0],[19.26056,3.57218,0.0],[19.25719,3.57462,0.0],[19.24702,3.58088,0.0],[19.24562,3.58157,0.0],[19.24418,3.58217,0.0],[19.24229,3.58269,0.0],[19.24115,3.58299,0.0],[19.23888,3.58356,0.0],[19.23264,3.58530,0.0],[19.22799,3.58665,0.0],[19.22314,3.58811,0.0],[19.21804,3.58961,0.0],[19.21271,3.59134,0.0],[19.20646,3.59356,0.0],[19.20362,3.59473,0.0],[19.19908,3.59631,0.0],[19.19600,3.59740,0.0],[19.19154,3.59917,0.0],[19.18896,3.60028,0.0],[19.18586,3.60132,0.0],[19.18251,3.60317,0.0],[19.18008,3.60445,0.0],[19.17803,3.60555,0.0],[19.17511,3.60669,0.0],[19.17308,3.60751,0.0],[19.17186,3.60792,0.0],[19.16950,3.60866,0.0],[19.16893,3.60886,0.0],[19.16831,3.60924,0.0],[19.16355,3.61228,0.0],[19.16312,3.61256,0.0],[19.16171,3.61348,0.0],[19.16142,3.61364,0.0],[19.16112,3.61377,0.0],[19.16081,3.61382,0.0],[19.16055,3.61382,0.0],[19.16008,3.61372,0.0],[19.15979,3.61360,0.0],[19.15955,3.61349,0.0],[19.15735,3.61248,0.0],[19.15562,3.61182,0.0],[19.15520,3.61165,0.0],[19.15478,3.61153,0.0],[19.15453,3.61150,0.0],[19.15435,3.61153,0.0],[19.15403,3.61165,0.0],[19.15365,3.61193,0.0],[19.15301,3.61264,0.0],[19.15224,3.61369,0.0],[19.15153,3.61476,0.0],[19.15073,3.61607,0.0],[19.14919,3.61879,0.0],[19.14822,3.62019,0.0],[19.14725,3.62171,0.0],[19.14676,3.62256,0.0],[19.14625,3.62333,0.0],[19.14580,3.62403,0.0],[19.14555,3.62445,0.0],[19.14420,3.62655,0.0],[19.14257,3.62912,0.0],[19.14238,3.62937,0.0],[19.14227,3.62953,0.0],[19.14146,3.63041,0.0],[19.14078,3.63116,0.0],[19.14006,3.63185,0.0],[19.13757,3.63401,0.0],[19.13720,3.63430,0.0],[19.13653,3.63476,0.0],[19.13599,3.63502,0.0],[19.13529,3.63544,0.0],[19.13473,3.63575,0.0],[19.13366,3.63623,0.0],[19.12952,3.63807,0.0],[19.12685,3.63977,0.0],[19.12653,3.64002,0.0],[19.12642,3.64012,0.0],[19.12510,3.64136,0.0],[19.12490,3.64158,0.0],[19.12383,3.64331,0.0],[19.12255,3.64523,0.0],[19.11982,3.64907,0.0],[19.11931,3.64983,0.0],[19.11863,3.65070,0.0],[19.11706,3.65328,0.0],[19.11553,3.65591,0.0],[19.11490,3.65683,0.0],[19.11407,3.65801,0.0],[19.11327,3.65923,0.0],[19.11107,3.66162,0.0],[19.10809,3.66483,0.0],[19.10571,3.66756,0.0],[19.10465,3.66905,0.0],[19.10372,3.67048,0.0],[19.10273,3.67196,0.0],[19.10169,3.67362,0.0],[19.09976,3.67677,0.0],[19.09921,3.67757,0.0],[19.09859,3.67829,0.0],[19.09804,3.67956,0.0],[19.09668,3.68259,0.0],[19.09503,3.68655,0.0],[19.09483,3.68703,0.0],[19.09463,3.68762,0.0],[19.09436,3.68868,0.0],[19.09412,3.68980,0.0],[19.09378,3.69255,0.0],[19.09268,3.69994,0.0],[19.09236,3.70230,0.0],[19.09202,3.70472,0.0],[19.09162,3.70707,0.0],[19.09128,3.70860,0.0],[19.09107,3.70927,0.0],[19.09094,3.71029,0.0],[19.09066,3.71226,0.0],[19.09051,3.71331,0.0],[19.09014,3.71641,0.0],[19.08845,3.72419,0.0],[19.08836,3.72444,0.0],[19.08795,3.72562,0.0],[19.08760,3.72684,0.0],[19.08712,3.72841,0.0],[19.08659,3.73011,0.0],[19.08614,3.73136,0.0],[19.08599,3.73177,0.0],[19.08562,3.73235,0.0],[19.08427,3.73416,0.0],[19.08342,3.73553,0.0],[19.08295,3.73640,0.0],[19.08266,3.73720,0.0],[19.08209,3.73862,0.0],[19.08156,3.73999,0.0],[19.08089,3.74192,0.0],[19.08075,3.74241,0.0],[19.08039,3.74329,0.0],[19.08019,3.74352,0.0],[19.07990,3.74375,0.0],[19.07958,3.74393,0.0],[19.07819,3.74474,0.0],[19.07398,3.74680,0.0],[19.07217,3.74773,0.0],[19.07101,3.74836,0.0],[19.07006,3.74886,0.0],[19.06899,3.74922,0.0],[19.06848,3.74931,0.0],[19.0667,3.74946,0.0],[19.06593,3.74967,0.0],[19.06336,3.75057,0.0],[19.06178,3.75116,0.0],[19.06089,3.75158,0.0],[19.05874,3.75286,0.0],[19.05556,3.75495,0.0],[19.05505,3.75531,0.0],[19.05408,3.75605,0.0],[19.05172,3.75797,0.0],[19.04989,3.75997,0.0],[19.04839,3.76152,0.0],[19.04710,3.76296,0.0],[19.04532,3.76566,0.0],[19.04503,3.76597,0.0],[19.04470,3.76623,0.0],[19.04404,3.76658,0.0],[19.04344,3.76690,0.0],[19.04312,3.76698,0.0],[19.04177,3.76703,0.0],[19.03955,3.76691,0.0],[19.03705,3.76669,0.0],[19.03168,3.76593,0.0],[19.03121,3.76589,0.0],[19.03068,3.76590,0.0],[19.02736,3.76607,0.0],[19.02288,3.76635,0.0],[19.01435,3.76652,0.0],[19.01291,3.76659,0.0],[19.01107,3.76683,0.0],[19.00927,3.76723,0.0],[19.00632,3.76781,0.0],[19.00557,3.76805,0.0],[19.00441,3.76861,0.0],[19.00242,3.76966,0.0],[19.00196,3.76989,0.0],[18.99937,3.77120,0.0],[18.99638,3.77269,0.0],[18.99406,3.77343,0.0],[18.99190,3.77401,0.0],[18.98841,3.77494,0.0],[18.98585,3.77561,0.0],[18.98392,3.77597,0.0],[18.98308,3.77597,0.0],[18.98150,3.77595,0.0],[18.97751,3.77565,0.0],[18.97456,3.77540,0.0],[18.97385,3.77535,0.0],[18.97318,3.77525,0.0],[18.97173,3.77482,0.0],[18.97125,3.77466,0.0],[18.97038,3.77429,0.0],[18.96879,3.77360,0.0],[18.96809,3.77331,0.0],[18.96773,3.77312,0.0],[18.96732,3.77295,0.0],[18.96580,3.77231,0.0],[18.96380,3.77144,0.0],[18.96260,3.77095,0.0],[18.96248,3.77089,0.0],[18.96227,3.77084,0.0],[18.96177,3.77074,0.0],[18.96061,3.77063,0.0],[18.95963,3.77060,0.0],[18.95904,3.77059,0.0],[18.95849,3.77062,0.0],[18.95806,3.77066,0.0],[18.95738,3.77075,0.0],[18.95593,3.77093,0.0],[18.95469,3.77115,0.0],[18.95326,3.77130,0.0],[18.95198,3.77146,0.0],[18.94819,3.77198,0.0],[18.94685,3.77222,0.0],[18.94568,3.77244,0.0],[18.94540,3.77250,0.0],[18.94400,3.77275,0.0],[18.94258,3.77297,0.0],[18.94110,3.77314,0.0],[18.93967,3.77335,0.0],[18.93823,3.77351,0.0],[18.93776,3.77359,0.0],[18.93654,3.77377,0.0],[18.93558,3.77398,0.0],[18.93491,3.77419,0.0],[18.93436,3.77438,0.0],[18.93346,3.77463,0.0],[18.93195,3.77508,0.0],[18.93046,3.77553,0.0],[18.92890,3.77609,0.0],[18.92815,3.77642,0.0],[18.92758,3.77666,0.0],[18.92628,3.77717,0.0],[18.92505,3.77771,0.0],[18.92383,3.77833,0.0],[18.92267,3.77895,0.0],[18.91903,3.77915,0.0],[18.91754,3.77919,0.0],[18.91661,3.77912,0.0],[18.91509,3.77902,0.0],[18.91350,3.77893,0.0],[18.91206,3.77876,0.0],[18.91095,3.77861,0.0],[18.90981,3.77852,0.0],[18.90757,3.77836,0.0],[18.90131,3.77782,0.0],[18.89945,3.77756,0.0],[18.89800,3.77732,0.0],[18.89757,3.77727,0.0],[18.89518,3.77702,0.0],[18.89192,3.77677,0.0],[18.88997,3.77653,0.0],[18.88797,3.77629,0.0],[18.88220,3.77503,0.0],[18.87916,3.77428,0.0],[18.87841,3.77413,0.0],[18.87516,3.77368,0.0],[18.87445,3.77358,0.0],[18.87412,3.77350,0.0],[18.87265,3.77304,0.0],[18.87112,3.77245,0.0],[18.86512,3.76967,0.0],[18.86473,3.76949,0.0],[18.86169,3.76818,0.0],[18.85812,3.76677,0.0],[18.85755,3.76643,0.0],[18.85563,3.76496,0.0],[18.85496,3.76445,0.0],[18.85410,3.76361,0.0],[18.85339,3.76312,0.0],[18.85283,3.76290,0.0],[18.85219,3.76283,0.0],[18.84763,3.76238,0.0],[18.84684,3.76232,0.0],[18.84667,3.76231,0.0],[18.84437,3.76216,0.0],[18.84259,3.76239,0.0],[18.84172,3.76251,0.0],[18.84084,3.76262,0.0],[18.83977,3.76277,0.0],[18.83951,3.76278,0.0],[18.83912,3.76270,0.0],[18.83870,3.76253,0.0],[18.83654,3.76141,0.0],[18.83541,3.76085,0.0],[18.83260,3.75954,0.0],[18.83197,3.75925,0.0],[18.83140,3.75906,0.0],[18.83079,3.75884,0.0],[18.82797,3.75791,0.0],[18.82750,3.75778,0.0],[18.82661,3.75754,0.0],[18.82532,3.75733,0.0],[18.82372,3.75707,0.0],[18.82227,3.75683,0.0],[18.82135,3.75662,0.0],[18.82031,3.75643,0.0],[18.81857,3.75605,0.0],[18.81736,3.75579,0.0],[18.81552,3.75537,0.0],[18.81449,3.75507,0.0],[18.81345,3.75488,0.0],[18.80753,3.75459,0.0],[18.80464,3.75424,0.0],[18.80445,3.75421,0.0],[18.80400,3.75403,0.0],[18.79540,3.75040,0.0],[18.79289,3.74934,0.0],[18.78986,3.74820,0.0],[18.78735,3.74709,0.0],[18.78616,3.74638,0.0],[18.78595,3.74624,0.0],[18.78561,3.74597,0.0],[18.78545,3.74576,0.0],[18.78528,3.74554,0.0],[18.78405,3.74383,0.0],[18.78363,3.74324,0.0],[18.78346,3.74301,0.0],[18.78318,3.74259,0.0],[18.78293,3.74216,0.0],[18.78232,3.74134,0.0],[18.78174,3.74051,0.0],[18.78166,3.74040,0.0],[18.78115,3.73971,0.0],[18.78055,3.73893,0.0],[18.78049,3.73885,0.0],[18.78027,3.73857,0.0],[18.77975,3.73790,0.0],[18.77886,3.73674,0.0],[18.77805,3.73573,0.0],[18.77762,3.73514,0.0],[18.77681,3.73403,0.0],[18.77671,3.73386,0.0],[18.77647,3.73352,0.0],[18.77619,3.73315,0.0],[18.77600,3.73290,0.0],[18.77550,3.73225,0.0],[18.77526,3.73194,0.0],[18.77516,3.73181,0.0],[18.77501,3.73163,0.0],[18.77480,3.73137,0.0],[18.77473,3.73129,0.0],[18.77411,3.73050,0.0],[18.77277,3.72878,0.0],[18.77248,3.72833,0.0],[18.77229,3.72804,0.0],[18.77226,3.72798,0.0],[18.77167,3.72673,0.0],[18.77156,3.72649,0.0],[18.77122,3.72557,0.0],[18.77111,3.72527,0.0],[18.77106,3.72513,0.0],[18.77096,3.72468,0.0],[18.77070,3.72356,0.0],[18.77069,3.72351,0.0],[18.77058,3.72305,0.0],[18.77050,3.72245,0.0],[18.77049,3.72236,0.0],[18.77045,3.72190,0.0],[18.77041,3.72146,0.0],[18.77040,3.72138,0.0],[18.77040,3.72128,0.0],[18.77022,3.71915,0.0],[18.77016,3.71840,0.0],[18.77011,3.71764,0.0],[18.77010,3.71756,0.0],[18.77007,3.71721,0.0]]}},{"type":"Feature","properties":{"phase_nom":"Phase 4 - Akula-Lisala","longueur_km":44.0,"phase":4},"geometry":{"type":"LineString","coordinates":[[20.18797,2.37223,0.0],[20.18997,2.37103,0.0],[20.19109,2.37019,0.0],[20.19148,2.36988,0.0],[20.19165,2.36952,0.0],[20.19194,2.36893,0.0],[20.19301,2.36677,0.0],[20.19501,2.36263,0.0],[20.19510,2.36243,0.0],[20.19523,2.36220,0.0],[20.19567,2.36179,0.0],[20.19608,2.36135,0.0],[20.19623,2.36119,0.0],[20.19646,2.36107,0.0],[20.19666,2.36100,0.0],[20.19682,2.36100,0.0],[20.19693,2.36100,0.0],[20.19734,2.36108,0.0],[20.19817,2.36130,0.0],[20.19854,2.36130,0.0],[20.19878,2.36126,0.0],[20.19929,2.36103,0.0],[20.19964,2.36082,0.0],[20.19997,2.36063,0.0],[20.20014,2.36045,0.0],[20.20026,2.36024,0.0],[20.20041,2.35979,0.0],[20.20053,2.35947,0.0],[20.20070,2.35883,0.0],[20.20106,2.35768,0.0],[20.20111,2.35756,0.0],[20.20119,2.35729,0.0],[20.20119,2.35676,0.0],[20.20116,2.35611,0.0],[20.20120,2.35583,0.0],[20.20122,2.35570,0.0],[20.20128,2.35549,0.0],[20.20142,2.35528,0.0],[20.20237,2.35414,0.0],[20.20372,2.35255,0.0],[20.20395,2.35214,0.0],[20.20406,2.35196,0.0],[20.20412,2.35169,0.0],[20.20409,2.35139,0.0],[20.20395,2.35093,0.0],[20.20319,2.34958,0.0],[20.20266,2.34856,0.0],[20.20250,2.34824,0.0],[20.20237,2.34782,0.0],[20.20202,2.34678,0.0],[20.20197,2.34661,0.0],[20.20180,2.34602,0.0],[20.20174,2.34581,0.0],[20.20149,2.34495,0.0],[20.20145,2.34397,0.0],[20.20132,2.34191,0.0],[20.20134,2.34083,0.0],[20.20131,2.34060,0.0],[20.20135,2.34014,0.0],[20.20149,2.33984,0.0],[20.20205,2.33891,0.0],[20.20226,2.33856,0.0],[20.20233,2.33822,0.0],[20.20231,2.33708,0.0],[20.20232,2.33577,0.0],[20.20248,2.33516,0.0],[20.20254,2.33431,0.0],[20.20270,2.33355,0.0],[20.20288,2.33296,0.0],[20.20310,2.33256,0.0],[20.20339,2.33234,0.0],[20.20374,2.33222,0.0],[20.20425,2.33213,0.0],[20.20511,2.33211,0.0],[20.20568,2.33201,0.0],[20.20600,2.33182,0.0],[20.20627,2.33148,0.0],[20.20674,2.33077,0.0],[20.20716,2.32985,0.0],[20.20741,2.32921,0.0],[20.20896,2.32690,0.0],[20.20918,2.32644,0.0],[20.20924,2.32604,0.0],[20.20920,2.32577,0.0],[20.20900,2.32523,0.0],[20.20858,2.32436,0.0],[20.20809,2.32280,0.0],[20.20701,2.32097,0.0],[20.20665,2.31994,0.0],[20.20622,2.31909,0.0],[20.20585,2.31773,0.0],[20.20558,2.31685,0.0],[20.20534,2.31648,0.0],[20.20451,2.31526,0.0],[20.20406,2.31482,0.0],[20.20338,2.31401,0.0],[20.20296,2.31328,0.0],[20.20233,2.31209,0.0],[20.20204,2.31151,0.0],[20.20198,2.31008,0.0],[20.20193,2.30856,0.0],[20.20166,2.30746,0.0],[20.20143,2.30680,0.0],[20.20098,2.30467,0.0],[20.20081,2.30331,0.0],[20.20075,2.30293,0.0],[20.20071,2.30267,0.0],[20.20074,2.30210,0.0],[20.20085,2.30168,0.0],[20.20141,2.30085,0.0],[20.20230,2.29934,0.0],[20.20553,2.29353,0.0],[20.20598,2.29296,0.0],[20.20651,2.29249,0.0],[20.20795,2.29117,0.0],[20.20929,2.28991,0.0],[20.21067,2.28879,0.0],[20.21157,2.28829,0.0],[20.21256,2.28808,0.0],[20.21363,2.28793,0.0],[20.21536,2.28772,0.0],[20.21725,2.28772,0.0],[20.21791,2.28767,0.0],[20.22026,2.28747,0.0],[20.22375,2.28703,0.0],[20.22482,2.28694,0.0],[20.22754,2.28673,0.0],[20.22878,2.28671,0.0],[20.23108,2.28666,0.0],[20.23344,2.28648,0.0],[20.23580,2.28615,0.0],[20.23753,2.28593,0.0],[20.23934,2.28584,0.0],[20.24063,2.28568,0.0],[20.24161,2.28551,0.0],[20.24233,2.28549,0.0],[20.24322,2.28557,0.0],[20.24399,2.28575,0.0],[20.24450,2.28581,0.0],[20.24526,2.28584,0.0],[20.24716,2.28609,0.0],[20.24802,2.28622,0.0],[20.24894,2.28626,0.0],[20.25000,2.28620,0.0],[20.25075,2.28612,0.0],[20.25122,2.28598,0.0],[20.25184,2.28568,0.0],[20.25297,2.28505,0.0],[20.25368,2.28462,0.0],[20.25425,2.28405,0.0],[20.25510,2.28310,0.0],[20.25567,2.28246,0.0],[20.25581,2.28234,0.0],[20.25668,2.28160,0.0],[20.25733,2.28106,0.0],[20.25801,2.28073,0.0],[20.25899,2.28029,0.0],[20.26027,2.27976,0.0],[20.26129,2.27930,0.0],[20.26293,2.27868,0.0],[20.26368,2.27846,0.0],[20.26439,2.27838,0.0],[20.26524,2.27839,0.0],[20.26613,2.27853,0.0],[20.26758,2.27887,0.0],[20.26883,2.27907,0.0],[20.26964,2.27913,0.0],[20.27208,2.27901,0.0],[20.27319,2.27877,0.0],[20.27518,2.27835,0.0],[20.27829,2.27751,0.0],[20.27939,2.27725,0.0],[20.28122,2.27681,0.0],[20.28221,2.27655,0.0],[20.28352,2.27619,0.0],[20.28376,2.27612,0.0],[20.28472,2.27582,0.0],[20.28576,2.27536,0.0],[20.28652,2.27487,0.0],[20.28774,2.27404,0.0],[20.28839,2.27370,0.0],[20.29014,2.27302,0.0],[20.29062,2.27284,0.0],[20.29138,2.27250,0.0],[20.29210,2.27219,0.0],[20.29255,2.27207,0.0],[20.29286,2.27198,0.0],[20.29298,2.27195,0.0],[20.29315,2.27192,0.0],[20.29364,2.27184,0.0],[20.29459,2.27168,0.0],[20.29573,2.27141,0.0],[20.29639,2.27115,0.0],[20.29643,2.27113,0.0],[20.29705,2.27076,0.0],[20.29851,2.26990,0.0],[20.29979,2.26916,0.0],[20.30099,2.26816,0.0],[20.30246,2.26681,0.0],[20.30320,2.26606,0.0],[20.30382,2.26558,0.0],[20.30486,2.26494,0.0],[20.30551,2.26462,0.0],[20.30669,2.26425,0.0],[20.30800,2.26379,0.0],[20.30855,2.26351,0.0],[20.30896,2.26342,0.0],[20.30954,2.26337,0.0],[20.30987,2.26338,0.0],[20.31119,2.26341,0.0],[20.31248,2.26337,0.0],[20.31420,2.26323,0.0],[20.31530,2.26318,0.0],[20.31620,2.26332,0.0],[20.31687,2.26354,0.0],[20.31884,2.26497,0.0],[20.31898,2.26508,0.0],[20.31937,2.26541,0.0],[20.31966,2.26565,0.0],[20.32076,2.26677,0.0],[20.32161,2.26739,0.0],[20.32228,2.26777,0.0],[20.32375,2.26834,0.0],[20.32393,2.26843,0.0],[20.32438,2.26863,0.0],[20.32504,2.26894,0.0],[20.32541,2.26907,0.0],[20.32566,2.26917,0.0],[20.32608,2.26924,0.0],[20.32620,2.26922,0.0],[20.32656,2.26915,0.0],[20.32691,2.26902,0.0],[20.32714,2.26872,0.0],[20.32725,2.26833,0.0],[20.32729,2.26801,0.0],[20.32718,2.26715,0.0],[20.32716,2.26673,0.0],[20.32723,2.26637,0.0],[20.32737,2.26566,0.0],[20.32762,2.26449,0.0],[20.32786,2.26363,0.0],[20.32802,2.26318,0.0],[20.32803,2.26288,0.0],[20.32797,2.26249,0.0],[20.32770,2.26138,0.0],[20.32766,2.26102,0.0],[20.32773,2.26058,0.0],[20.32797,2.26015,0.0],[20.32864,2.25918,0.0],[20.32922,2.25833,0.0],[20.32963,2.25791,0.0],[20.33009,2.25760,0.0],[20.33046,2.25750,0.0],[20.33096,2.25748,0.0],[20.33211,2.25746,0.0],[20.33263,2.25745,0.0],[20.33275,2.25745,0.0],[20.33324,2.25749,0.0],[20.33384,2.25753,0.0],[20.33585,2.25767,0.0],[20.33636,2.25776,0.0],[20.33870,2.25856,0.0],[20.33904,2.25865,0.0],[20.33927,2.25872,0.0],[20.34052,2.25906,0.0],[20.34083,2.25907,0.0],[20.34129,2.25921,0.0],[20.34142,2.25925,0.0],[20.34183,2.25936,0.0],[20.34243,2.25952,0.0],[20.34281,2.25962,0.0],[20.34406,2.25995,0.0],[20.34437,2.26003,0.0],[20.34451,2.26007,0.0],[20.34468,2.26011,0.0],[20.34532,2.26023,0.0],[20.34539,2.26023,0.0],[20.34554,2.26023,0.0],[20.34591,2.26023,0.0],[20.34610,2.26022,0.0],[20.34637,2.26016,0.0],[20.34668,2.26006,0.0],[20.34782,2.25946,0.0],[20.34854,2.25888,0.0],[20.34918,2.25854,0.0],[20.34985,2.25824,0.0],[20.35045,2.25802,0.0],[20.35088,2.25799,0.0],[20.35099,2.25799,0.0],[20.35136,2.25799,0.0],[20.35190,2.25802,0.0],[20.35340,2.25845,0.0],[20.35476,2.25888,0.0],[20.35522,2.25897,0.0],[20.35587,2.25899,0.0],[20.35684,2.25897,0.0],[20.35732,2.25905,0.0],[20.35757,2.25913,0.0],[20.36003,2.26063,0.0],[20.36065,2.26110,0.0],[20.36103,2.26146,0.0],[20.36131,2.26165,0.0],[20.36211,2.26204,0.0],[20.36327,2.26278,0.0],[20.36411,2.26306,0.0],[20.36501,2.26340,0.0],[20.36554,2.26378,0.0],[20.36608,2.26398,0.0],[20.36668,2.26406,0.0],[20.36807,2.26429,0.0],[20.37023,2.26486,0.0],[20.37098,2.26514,0.0],[20.37188,2.26531,0.0],[20.37291,2.26538,0.0],[20.37389,2.26546,0.0],[20.37510,2.26571,0.0],[20.37564,2.26590,0.0],[20.37632,2.26600,0.0],[20.37709,2.26602,0.0],[20.37735,2.26595,0.0],[20.37886,2.26530,0.0],[20.37926,2.26519,0.0],[20.38019,2.26513,0.0],[20.38168,2.26517,0.0],[20.38266,2.26512,0.0],[20.38404,2.26494,0.0],[20.38516,2.26487,0.0],[20.38610,2.26493,0.0],[20.39100,2.26527,0.0],[20.39259,2.26538,0.0],[20.39316,2.26542,0.0],[20.39414,2.26547,0.0],[20.39432,2.26548,0.0],[20.39496,2.26555,0.0],[20.39579,2.26561,0.0],[20.39601,2.26568,0.0],[20.39623,2.26574,0.0],[20.39655,2.26588,0.0],[20.39678,2.26600,0.0],[20.39761,2.26659,0.0],[20.39778,2.26670,0.0],[20.39786,2.26676,0.0],[20.39808,2.26692,0.0],[20.39819,2.26700,0.0],[20.39845,2.26731,0.0],[20.39978,2.26854,0.0],[20.40014,2.26878,0.0],[20.40089,2.26897,0.0],[20.40235,2.26929,0.0],[20.40311,2.26961,0.0],[20.40380,2.26999,0.0],[20.40465,2.27022,0.0],[20.40601,2.27074,0.0],[20.40638,2.27090,0.0],[20.40896,2.27201,0.0],[20.41000,2.27239,0.0],[20.41037,2.27248,0.0],[20.41077,2.27250,0.0],[20.41121,2.27237,0.0],[20.41500,2.27092,0.0],[20.41574,2.27070,0.0],[20.41824,2.27000,0.0],[20.42127,2.26939,0.0],[20.42213,2.26907,0.0],[20.42280,2.26889,0.0],[20.42387,2.26883,0.0],[20.42528,2.26894,0.0],[20.42676,2.26921,0.0],[20.42763,2.26951,0.0],[20.42816,2.26977,0.0],[20.42875,2.26992,0.0],[20.42918,2.26997,0.0],[20.42946,2.26997,0.0],[20.43050,2.26978,0.0],[20.43149,2.26959,0.0],[20.43247,2.26946,0.0],[20.43319,2.26931,0.0],[20.43339,2.26932,0.0],[20.43364,2.26922,0.0],[20.43380,2.26917,0.0],[20.43439,2.26912,0.0],[20.43489,2.26901,0.0],[20.43534,2.26888,0.0],[20.43563,2.26874,0.0],[20.43653,2.26816,0.0],[20.43985,2.26592,0.0],[20.44074,2.26540,0.0],[20.44110,2.26508,0.0],[20.44178,2.26461,0.0],[20.44239,2.26426,0.0],[20.44383,2.26351,0.0],[20.44513,2.26282,0.0],[20.44595,2.26218,0.0],[20.44686,2.26168,0.0],[20.44921,2.26041,0.0],[20.45006,2.25993,0.0],[20.45139,2.25904,0.0],[20.45258,2.25823,0.0],[20.45314,2.25793,0.0],[20.45346,2.25777,0.0],[20.45385,2.25765,0.0],[20.45481,2.25751,0.0],[20.45609,2.25728,0.0],[20.45703,2.25711,0.0],[20.45749,2.25709,0.0],[20.45796,2.25719,0.0],[20.45840,2.25739,0.0],[20.46080,2.25840,0.0],[20.46504,2.26016,0.0],[20.46741,2.26104,0.0],[20.46939,2.26172,0.0],[20.47056,2.26203,0.0],[20.47173,2.26220,0.0],[20.47319,2.26231,0.0],[20.47461,2.26233,0.0],[20.47606,2.26228,0.0],[20.47845,2.26210,0.0]]}},{"type":"Feature","properties":{"phase_nom":"Phase 4 - Akula-Lisala","longueur_km":0.1,"phase":4},"geometry":{"type":"LineString","coordinates":[[20.47875,2.26189,0.0],[20.47882,2.26225,0.0],[20.47845,2.26210,0.0]]}},{"type":"Feature","properties":{"phase_nom":"Phase 4 - Akula-Lisala","longueur_km":0.0,"phase":4},"geometry":{"type":"LineString","coordinates":[[20.47845,2.26210,0.0],[20.47875,2.26189,0.0]]}},{"type":"Feature","properties":{"phase_nom":"Phase 4 - Akula-Lisala","longueur_km":131.3,"phase":4},"geometry":{"type":"LineString","coordinates":[[21.52020,2.14655,0.0],[21.51999,2.14655,0.0],[21.51876,2.14653,0.0],[21.51865,2.14657,0.0],[21.51781,2.14743,0.0],[21.51758,2.14776,0.0],[21.51709,2.14876,0.0],[21.51670,2.14957,0.0],[21.51650,2.14987,0.0],[21.51548,2.14946,0.0],[21.51523,2.14943,0.0],[21.51212,2.14948,0.0],[21.51140,2.14947,0.0],[21.50986,2.14947,0.0],[21.50838,2.14948,0.0],[21.50682,2.14949,0.0],[21.50529,2.14950,0.0],[21.50312,2.14952,0.0],[21.50160,2.14941,0.0],[21.50136,2.14935,0.0],[21.50085,2.14913,0.0],[21.50056,2.14913,0.0],[21.50053,2.14913,0.0],[21.50004,2.14905,0.0],[21.49992,2.14899,0.0],[21.49974,2.14882,0.0],[21.49947,2.14850,0.0],[21.49934,2.14845,0.0],[21.49901,2.14847,0.0],[21.49890,2.14846,0.0],[21.49865,2.14831,0.0],[21.49825,2.14727,0.0],[21.49796,2.14651,0.0],[21.49791,2.14637,0.0],[21.49764,2.14569,0.0],[21.49762,2.14565,0.0],[21.49752,2.14545,0.0],[21.49747,2.14535,0.0],[21.49725,2.14501,0.0],[21.49682,2.14472,0.0],[21.49583,2.14444,0.0],[21.49423,2.14397,0.0],[21.49338,2.14375,0.0],[21.49286,2.14361,0.0],[21.49281,2.14360,0.0],[21.49267,2.14357,0.0],[21.49157,2.14329,0.0],[21.49086,2.14319,0.0],[21.49056,2.14317,0.0],[21.48852,2.14362,0.0],[21.48807,2.14373,0.0],[21.48637,2.14417,0.0],[21.48574,2.14433,0.0],[21.48470,2.14460,0.0],[21.47865,2.14619,0.0],[21.47705,2.14661,0.0],[21.47493,2.14716,0.0],[21.46851,2.14883,0.0],[21.46701,2.14896,0.0],[21.46600,2.14905,0.0],[21.46502,2.14910,0.0],[21.46484,2.14911,0.0],[21.46414,2.14920,0.0],[21.46253,2.14958,0.0],[21.46216,2.14964,0.0],[21.46096,2.15006,0.0],[21.46039,2.15027,0.0],[21.46022,2.15030,0.0],[21.46006,2.15034,0.0],[21.45990,2.15037,0.0],[21.45977,2.15039,0.0],[21.45817,2.15038,0.0],[21.45366,2.15010,0.0],[21.45070,2.14975,0.0],[21.44982,2.14977,0.0],[21.44933,2.14999,0.0],[21.44871,2.15061,0.0],[21.44768,2.15192,0.0],[21.44654,2.15256,0.0],[21.44454,2.15368,0.0],[21.44285,2.15484,0.0],[21.44165,2.15619,0.0],[21.44105,2.15745,0.0],[21.44055,2.15809,0.0],[21.43959,2.15874,0.0],[21.43852,2.15917,0.0],[21.43624,2.15979,0.0],[21.43166,2.16100,0.0],[21.43143,2.16106,0.0],[21.42434,2.16320,0.0],[21.42357,2.16332,0.0],[21.41463,2.16315,0.0],[21.41302,2.16323,0.0],[21.41259,2.16335,0.0],[21.40561,2.16519,0.0],[21.40513,2.16532,0.0],[21.40501,2.16536,0.0],[21.40448,2.16551,0.0],[21.40414,2.16561,0.0],[21.40410,2.16562,0.0],[21.40365,2.16581,0.0],[21.40307,2.16606,0.0],[21.40265,2.16624,0.0],[21.40212,2.16628,0.0],[21.40183,2.16629,0.0],[21.40115,2.16634,0.0],[21.40099,2.16635,0.0],[21.39996,2.16641,0.0],[21.39780,2.16654,0.0],[21.39645,2.16681,0.0],[21.39539,2.16686,0.0],[21.39532,2.16689,0.0],[21.39314,2.16772,0.0],[21.39269,2.16787,0.0],[21.39131,2.16835,0.0],[21.39090,2.16840,0.0],[21.38798,2.16860,0.0],[21.38697,2.16855,0.0],[21.38411,2.16840,0.0],[21.38170,2.16826,0.0],[21.38101,2.16824,0.0],[21.38099,2.16824,0.0],[21.38066,2.16827,0.0],[21.38057,2.16830,0.0],[21.37990,2.16846,0.0],[21.37920,2.16879,0.0],[21.37877,2.16905,0.0],[21.37839,2.16929,0.0],[21.37828,2.16936,0.0],[21.37770,2.16964,0.0],[21.37760,2.16967,0.0],[21.37728,2.16976,0.0],[21.37702,2.16984,0.0],[21.37640,2.16993,0.0],[21.37576,2.16994,0.0],[21.37419,2.16992,0.0],[21.37301,2.16980,0.0],[21.37219,2.16972,0.0],[21.37031,2.16954,0.0],[21.36988,2.16944,0.0],[21.36745,2.16820,0.0],[21.36588,2.16776,0.0],[21.36403,2.16760,0.0],[21.36357,2.16764,0.0],[21.36245,2.16785,0.0],[21.36139,2.16814,0.0],[21.36078,2.16811,0.0],[21.35763,2.16802,0.0],[21.35717,2.16809,0.0],[21.35375,2.16909,0.0],[21.35243,2.16976,0.0],[21.35166,2.17018,0.0],[21.35044,2.17055,0.0],[21.35020,2.17060,0.0],[21.34919,2.17080,0.0],[21.34635,2.17207,0.0],[21.34545,2.17272,0.0],[21.34481,2.17341,0.0],[21.34400,2.17512,0.0],[21.34299,2.17691,0.0],[21.34263,2.17742,0.0],[21.34183,2.17818,0.0],[21.34132,2.17868,0.0],[21.34073,2.17901,0.0],[21.34027,2.17951,0.0],[21.33957,2.18151,0.0],[21.33854,2.18205,0.0],[21.33793,2.18210,0.0],[21.33719,2.18202,0.0],[21.33593,2.18164,0.0],[21.33555,2.18149,0.0],[21.33448,2.18142,0.0],[21.33430,2.18136,0.0],[21.33278,2.18048,0.0],[21.33227,2.18034,0.0],[21.33109,2.18012,0.0],[21.33043,2.17999,0.0],[21.32989,2.18007,0.0],[21.32882,2.17987,0.0],[21.32807,2.17962,0.0],[21.32724,2.17924,0.0],[21.32683,2.17911,0.0],[21.32393,2.17858,0.0],[21.32233,2.17871,0.0],[21.32162,2.17868,0.0],[21.32128,2.17870,0.0],[21.31827,2.17952,0.0],[21.31686,2.17972,0.0],[21.31644,2.17976,0.0],[21.31559,2.17960,0.0],[21.31340,2.17902,0.0],[21.30885,2.17706,0.0],[21.30417,2.17403,0.0],[21.30377,2.17392,0.0],[21.30154,2.17361,0.0],[21.30080,2.17338,0.0],[21.29754,2.17191,0.0],[21.29693,2.17186,0.0],[21.29595,2.17198,0.0],[21.29368,2.17295,0.0],[21.29256,2.17328,0.0],[21.28925,2.17453,0.0],[21.28766,2.17476,0.0],[21.28729,2.17491,0.0],[21.28332,2.17761,0.0],[21.28005,2.17883,0.0],[21.27886,2.17926,0.0],[21.27798,2.17963,0.0],[21.27743,2.18004,0.0],[21.27736,2.18014,0.0],[21.27730,2.18029,0.0],[21.27739,2.18115,0.0],[21.27717,2.18151,0.0],[21.27690,2.18164,0.0],[21.27580,2.18168,0.0],[21.27495,2.18188,0.0],[21.27402,2.18371,0.0],[21.27159,2.18658,0.0],[21.26962,2.18751,0.0],[21.26759,2.18779,0.0],[21.26440,2.18805,0.0],[21.26383,2.18804,0.0],[21.26098,2.18759,0.0],[21.25965,2.18738,0.0],[21.25746,2.18724,0.0],[21.25359,2.18794,0.0],[21.25213,2.18801,0.0],[21.24994,2.18767,0.0],[21.24871,2.18772,0.0],[21.24630,2.18917,0.0],[21.24405,2.19003,0.0],[21.24064,2.19056,0.0],[21.23819,2.19102,0.0],[21.23324,2.19273,0.0],[21.23222,2.19289,0.0],[21.23076,2.19270,0.0],[21.22708,2.19226,0.0],[21.22563,2.19233,0.0],[21.21984,2.19179,0.0],[21.21795,2.19202,0.0],[21.21438,2.19201,0.0],[21.21271,2.19252,0.0],[21.21041,2.19296,0.0],[21.21001,2.19303,0.0],[21.20905,2.19321,0.0],[21.20565,2.19357,0.0],[21.20368,2.19354,0.0],[21.20341,2.19356,0.0],[21.20239,2.19388,0.0],[21.20114,2.19400,0.0],[21.19857,2.19398,0.0],[21.19827,2.19400,0.0],[21.19366,2.19533,0.0],[21.19277,2.19585,0.0],[21.19039,2.19787,0.0],[21.19023,2.19796,0.0],[21.18902,2.19825,0.0],[21.18756,2.19884,0.0],[21.18725,2.19901,0.0],[21.18722,2.19902,0.0],[21.18709,2.19910,0.0],[21.18696,2.19917,0.0],[21.18692,2.19919,0.0],[21.18577,2.20019,0.0],[21.18563,2.20030,0.0],[21.18536,2.20051,0.0],[21.18533,2.20053,0.0],[21.18476,2.20082,0.0],[21.18455,2.20089,0.0],[21.18327,2.20098,0.0],[21.18298,2.20100,0.0],[21.18295,2.20101,0.0],[21.18235,2.20113,0.0],[21.18191,2.20122,0.0],[21.18021,2.20220,0.0],[21.17969,2.20264,0.0],[21.17924,2.20302,0.0],[21.17882,2.20338,0.0],[21.17715,2.20453,0.0],[21.17663,2.20495,0.0],[21.17638,2.20536,0.0],[21.17627,2.20566,0.0],[21.17615,2.206,0.0],[21.17602,2.20636,0.0],[21.17583,2.20691,0.0],[21.17481,2.20847,0.0],[21.17440,2.20883,0.0],[21.17321,2.20946,0.0],[21.17111,2.21041,0.0],[21.16928,2.21081,0.0],[21.16755,2.21094,0.0],[21.16566,2.21163,0.0],[21.16562,2.21165,0.0],[21.16536,2.21177,0.0],[21.16504,2.21191,0.0],[21.16461,2.21210,0.0],[21.16433,2.21222,0.0],[21.16422,2.21227,0.0],[21.164,2.21237,0.0],[21.16379,2.21244,0.0],[21.16369,2.21245,0.0],[21.16355,2.21246,0.0],[21.16330,2.21249,0.0],[21.16319,2.21250,0.0],[21.16309,2.21251,0.0],[21.16286,2.21254,0.0],[21.16236,2.21260,0.0],[21.16198,2.21264,0.0],[21.16174,2.21272,0.0],[21.16107,2.21303,0.0],[21.16035,2.21363,0.0],[21.15990,2.21411,0.0],[21.15972,2.21416,0.0],[21.15929,2.21429,0.0],[21.15732,2.21486,0.0],[21.15579,2.21496,0.0],[21.15424,2.21492,0.0],[21.15414,2.21493,0.0],[21.15369,2.21500,0.0],[21.15308,2.21521,0.0],[21.15204,2.21569,0.0],[21.15127,2.21606,0.0],[21.15065,2.21636,0.0],[21.15036,2.21649,0.0],[21.14990,2.21662,0.0],[21.14984,2.21663,0.0],[21.14944,2.21664,0.0],[21.14907,2.21666,0.0],[21.14889,2.21664,0.0],[21.14872,2.21662,0.0],[21.14826,2.21657,0.0],[21.14791,2.21654,0.0],[21.14666,2.21651,0.0],[21.14623,2.21648,0.0],[21.14604,2.21647,0.0],[21.14410,2.21608,0.0],[21.14380,2.21602,0.0],[21.14297,2.21592,0.0],[21.14227,2.21594,0.0],[21.14195,2.21601,0.0],[21.14064,2.21650,0.0],[21.13980,2.21659,0.0],[21.13610,2.21643,0.0],[21.13598,2.21640,0.0],[21.13518,2.21597,0.0],[21.13496,2.21591,0.0],[21.13478,2.21589,0.0],[21.13334,2.21602,0.0],[21.13318,2.21600,0.0],[21.13204,2.21571,0.0],[21.13125,2.21565,0.0],[21.13109,2.21566,0.0],[21.13005,2.21590,0.0],[21.12945,2.21604,0.0],[21.12567,2.21716,0.0],[21.12282,2.21858,0.0],[21.12233,2.21876,0.0],[21.12207,2.21880,0.0],[21.12183,2.21877,0.0],[21.12123,2.21860,0.0],[21.12048,2.21825,0.0],[21.11924,2.21767,0.0],[21.11842,2.21755,0.0],[21.11750,2.21767,0.0],[21.11626,2.21797,0.0],[21.11592,2.21799,0.0],[21.11424,2.21772,0.0],[21.11093,2.21804,0.0],[21.10924,2.21836,0.0],[21.10653,2.21990,0.0],[21.10522,2.22044,0.0],[21.10291,2.22097,0.0],[21.10222,2.22103,0.0],[21.10030,2.22076,0.0],[21.10014,2.22077,0.0],[21.09775,2.22157,0.0],[21.09676,2.22180,0.0],[21.09641,2.22185,0.0],[21.09226,2.22169,0.0],[21.08992,2.22172,0.0],[21.08973,2.22172,0.0],[21.08592,2.22172,0.0],[21.08467,2.22173,0.0],[21.08188,2.22194,0.0],[21.07827,2.22354,0.0],[21.07388,2.22554,0.0],[21.06994,2.22652,0.0],[21.06921,2.22672,0.0],[21.06868,2.22672,0.0],[21.06424,2.22569,0.0],[21.06263,2.22579,0.0],[21.06118,2.22633,0.0],[21.05998,2.22683,0.0],[21.05879,2.22700,0.0],[21.05671,2.22714,0.0],[21.05501,2.22693,0.0],[21.05402,2.22688,0.0],[21.05280,2.22700,0.0],[21.05107,2.22751,0.0],[21.05074,2.22752,0.0],[21.04728,2.22770,0.0],[21.04602,2.22756,0.0],[21.04235,2.22687,0.0],[21.04055,2.22701,0.0],[21.03988,2.22695,0.0],[21.03808,2.22686,0.0],[21.03605,2.22705,0.0],[21.03539,2.22717,0.0],[21.03456,2.22724,0.0],[21.03407,2.22729,0.0],[21.03367,2.22728,0.0],[21.03287,2.22711,0.0],[21.03157,2.22704,0.0],[21.03071,2.22706,0.0],[21.02916,2.22719,0.0],[21.02815,2.22728,0.0],[21.02523,2.22701,0.0],[21.02492,2.22702,0.0],[21.02170,2.22718,0.0],[21.02125,2.22723,0.0],[21.01978,2.22740,0.0],[21.01860,2.22753,0.0],[21.01532,2.22779,0.0],[21.01474,2.22797,0.0],[21.01195,2.22945,0.0],[21.01098,2.22985,0.0],[21.01084,2.22988,0.0],[21.00872,2.22984,0.0],[21.00855,2.22986,0.0],[21.00662,2.23029,0.0],[21.00628,2.23032,0.0],[21.00341,2.23021,0.0],[21.00250,2.23024,0.0],[21.00177,2.23035,0.0],[21.00021,2.23077,0.0],[20.99902,2.23103,0.0],[20.99831,2.23117,0.0],[20.99679,2.23187,0.0],[20.99581,2.23224,0.0],[20.99502,2.23232,0.0],[20.99377,2.23232,0.0],[20.99278,2.23233,0.0],[20.99169,2.23257,0.0],[20.99082,2.23264,0.0],[20.99020,2.23260,0.0],[20.98970,2.23250,0.0],[20.98847,2.23219,0.0],[20.98749,2.23192,0.0],[20.98560,2.23180,0.0],[20.98466,2.23182,0.0],[20.98339,2.23213,0.0],[20.98314,2.23217,0.0],[20.98120,2.23241,0.0],[20.97819,2.23289,0.0],[20.97693,2.23315,0.0],[20.97598,2.23325,0.0],[20.97483,2.23317,0.0],[20.97378,2.23294,0.0],[20.97365,2.23289,0.0],[20.97292,2.23268,0.0],[20.97168,2.23205,0.0],[20.97073,2.23138,0.0],[20.96929,2.23014,0.0],[20.96876,2.22985,0.0],[20.96798,2.22965,0.0],[20.96695,2.22957,0.0],[20.96609,2.22950,0.0],[20.96532,2.22922,0.0],[20.96437,2.22873,0.0],[20.96340,2.22789,0.0],[20.96194,2.22731,0.0],[20.96092,2.22705,0.0],[20.95948,2.22666,0.0],[20.95801,2.22608,0.0],[20.95726,2.22598,0.0],[20.95629,2.22580,0.0],[20.95535,2.22547,0.0],[20.95481,2.22511,0.0],[20.95407,2.22482,0.0],[20.95311,2.22471,0.0],[20.95218,2.22451,0.0],[20.95129,2.22406,0.0],[20.94934,2.22310,0.0],[20.94887,2.22286,0.0],[20.94773,2.22212,0.0],[20.94542,2.22110,0.0],[20.94421,2.22043,0.0],[20.94254,2.21975,0.0],[20.94181,2.21959,0.0],[20.94069,2.21965,0.0],[20.93884,2.21992,0.0],[20.93804,2.22000,0.0],[20.93723,2.22034,0.0],[20.93549,2.22128,0.0],[20.93463,2.22160,0.0],[20.93317,2.22197,0.0],[20.93123,2.22283,0.0],[20.93023,2.22334,0.0],[20.92920,2.22420,0.0],[20.92773,2.22506,0.0],[20.92493,2.22611,0.0],[20.92333,2.22644,0.0],[20.92209,2.22633,0.0],[20.91900,2.22547,0.0],[20.91805,2.22520,0.0],[20.91564,2.22494,0.0],[20.91340,2.22418,0.0],[20.91261,2.22413,0.0],[20.91172,2.22430,0.0],[20.90929,2.22489,0.0],[20.90737,2.22521,0.0],[20.90663,2.22512,0.0],[20.90568,2.22490,0.0],[20.90475,2.22445,0.0],[20.90373,2.22380,0.0],[20.90307,2.22346,0.0],[20.90232,2.22334,0.0],[20.90096,2.22334,0.0],[20.90040,2.22328,0.0],[20.90006,2.22310,0.0],[20.89931,2.22261,0.0],[20.89909,2.22227,0.0],[20.89896,2.22183,0.0],[20.89859,2.22046,0.0],[20.89841,2.22024,0.0],[20.89817,2.22022,0.0],[20.89790,2.22039,0.0],[20.89768,2.22077,0.0],[20.89739,2.22138,0.0],[20.89698,2.22222,0.0],[20.89676,2.22255,0.0],[20.89641,2.22261,0.0],[20.89624,2.22264,0.0],[20.89586,2.22261,0.0],[20.89570,2.22260,0.0],[20.89546,2.22247,0.0],[20.89526,2.22215,0.0],[20.89518,2.22202,0.0],[20.89467,2.22143,0.0],[20.89429,2.22120,0.0],[20.89308,2.22094,0.0],[20.89211,2.22078,0.0],[20.89149,2.22065,0.0],[20.89123,2.22046,0.0],[20.89048,2.22028,0.0],[20.88974,2.22021,0.0],[20.88965,2.22018,0.0],[20.88917,2.22004,0.0],[20.88876,2.21990,0.0],[20.88783,2.21910,0.0],[20.88722,2.21871,0.0],[20.88693,2.21851,0.0],[20.88660,2.21808,0.0],[20.88630,2.21764,0.0],[20.88600,2.21735,0.0],[20.88561,2.21710,0.0],[20.88536,2.21696,0.0],[20.88485,2.21665,0.0],[20.88434,2.21658,0.0],[20.88297,2.21655,0.0],[20.88136,2.21649,0.0],[20.88082,2.21650,0.0],[20.88037,2.21657,0.0],[20.87931,2.21666,0.0],[20.87855,2.21665,0.0],[20.87849,2.21665,0.0],[20.87764,2.21653,0.0],[20.87629,2.21626,0.0],[20.87556,2.21614,0.0],[20.87514,2.21603,0.0],[20.87489,2.21591,0.0],[20.87443,2.21569,0.0],[20.87420,2.21562,0.0],[20.87355,2.21555,0.0],[20.87347,2.21553,0.0],[20.87307,2.21545,0.0],[20.87242,2.21523,0.0],[20.87181,2.21488,0.0],[20.87069,2.21388,0.0],[20.86928,2.21267,0.0],[20.86861,2.21207,0.0],[20.86835,2.21175,0.0],[20.86789,2.21149,0.0],[20.86733,2.21130,0.0],[20.86647,2.21114,0.0],[20.86616,2.21104,0.0],[20.86568,2.21087,0.0],[20.86462,2.21050,0.0],[20.86442,2.21045,0.0],[20.86379,2.21030,0.0],[20.86294,2.21018,0.0],[20.86242,2.21013,0.0],[20.86181,2.21019,0.0],[20.86121,2.21018,0.0],[20.86055,2.21012,0.0],[20.85920,2.20988,0.0],[20.85914,2.20988,0.0],[20.85872,2.20990,0.0],[20.85842,2.20993,0.0],[20.85818,2.20990,0.0],[20.85745,2.20981,0.0],[20.85667,2.20972,0.0],[20.85614,2.20956,0.0],[20.85556,2.20928,0.0],[20.85423,2.20849,0.0],[20.85395,2.20841,0.0],[20.85360,2.20838,0.0],[20.85239,2.20841,0.0],[20.85110,2.20829,0.0],[20.85039,2.20818,0.0],[20.85000,2.20803,0.0],[20.84921,2.20750,0.0],[20.84873,2.20710,0.0],[20.84811,2.20639,0.0],[20.84775,2.20601,0.0],[20.84728,2.20572,0.0],[20.84688,2.20562,0.0],[20.84569,2.20549,0.0],[20.84536,2.20546,0.0],[20.84374,2.20560,0.0],[20.84300,2.20562,0.0],[20.84180,2.20554,0.0],[20.84173,2.20553,0.0],[20.84115,2.20544,0.0],[20.84008,2.20481,0.0],[20.83831,2.20358,0.0],[20.83774,2.20341,0.0],[20.83730,2.20335,0.0],[20.83670,2.20301,0.0],[20.83623,2.20287,0.0],[20.83584,2.20282,0.0],[20.83525,2.20283,0.0],[20.83481,2.20267,0.0],[20.83385,2.20214,0.0],[20.83192,2.20127,0.0],[20.83143,2.20110,0.0],[20.83092,2.20102,0.0],[20.83049,2.20112,0.0],[20.82877,2.20159,0.0],[20.82835,2.20172,0.0],[20.82789,2.20186,0.0],[20.82717,2.20199,0.0],[20.82655,2.20205,0.0],[20.82584,2.20208,0.0],[20.82513,2.20195,0.0],[20.82493,2.20188,0.0],[20.82475,2.20174,0.0],[20.82395,2.20143,0.0],[20.82342,2.20122,0.0],[20.82302,2.20099,0.0],[20.82205,2.20031,0.0],[20.82177,2.20018,0.0],[20.82147,2.20015,0.0],[20.82016,2.20014,0.0],[20.81973,2.20008,0.0],[20.81833,2.19978,0.0],[20.81625,2.19963,0.0],[20.81513,2.19961,0.0],[20.81453,2.19956,0.0],[20.81376,2.19938,0.0],[20.81178,2.19879,0.0],[20.81058,2.19836,0.0],[20.81001,2.19822,0.0],[20.80943,2.19820,0.0],[20.80849,2.19839,0.0],[20.80768,2.19849,0.0],[20.80737,2.19855,0.0],[20.80686,2.19857,0.0],[20.80617,2.19850,0.0],[20.80578,2.19854,0.0],[20.80425,2.19909,0.0],[20.80363,2.19926,0.0],[20.80310,2.19931,0.0],[20.80270,2.19928,0.0],[20.80251,2.19929,0.0],[20.80223,2.19935,0.0],[20.80211,2.19932,0.0],[20.80189,2.19920,0.0],[20.80124,2.19871,0.0],[20.80075,2.19852,0.0],[20.79974,2.19830,0.0],[20.79908,2.19815,0.0],[20.79816,2.19790,0.0],[20.79525,2.19657,0.0],[20.79392,2.19613,0.0],[20.79316,2.19597,0.0],[20.79307,2.19595,0.0],[20.79163,2.19570,0.0],[20.78923,2.19510,0.0],[20.78704,2.19472,0.0],[20.78216,2.19348,0.0],[20.77965,2.19267,0.0],[20.77901,2.19241,0.0],[20.77864,2.19226,0.0],[20.77756,2.19182,0.0],[20.77752,2.19181,0.0],[20.77604,2.19110,0.0],[20.77584,2.19103,0.0],[20.77554,2.19091,0.0],[20.77520,2.19082,0.0],[20.77454,2.19065,0.0],[20.77432,2.19059,0.0],[20.77345,2.19046,0.0],[20.77304,2.19047,0.0],[20.77264,2.19056,0.0],[20.77251,2.19063,0.0],[20.77148,2.19117,0.0],[20.77144,2.19120,0.0],[20.77133,2.19125,0.0],[20.77093,2.19145,0.0],[20.77057,2.19162,0.0],[20.76956,2.19198,0.0],[20.76913,2.19207,0.0],[20.76885,2.19205,0.0],[20.76820,2.19192,0.0],[20.76746,2.19185,0.0],[20.76669,2.19183,0.0],[20.76594,2.19191,0.0],[20.76536,2.19206,0.0],[20.76432,2.19247,0.0],[20.76335,2.19308,0.0],[20.76225,2.19374,0.0],[20.76176,2.19397,0.0],[20.76065,2.19436,0.0],[20.75982,2.19460,0.0],[20.75791,2.19491,0.0],[20.75645,2.19507,0.0],[20.75457,2.19518,0.0],[20.75360,2.19524,0.0],[20.75306,2.19532,0.0],[20.75268,2.19531,0.0],[20.75219,2.19516,0.0],[20.75162,2.19488,0.0],[20.75075,2.19470,0.0],[20.74936,2.19466,0.0],[20.74781,2.19456,0.0],[20.74628,2.19438,0.0],[20.74494,2.19424,0.0],[20.74451,2.19427,0.0],[20.74392,2.19431,0.0],[20.74288,2.19427,0.0],[20.74114,2.19414,0.0],[20.73908,2.19392,0.0],[20.73718,2.19401,0.0],[20.73567,2.19406,0.0],[20.73501,2.19413,0.0],[20.73428,2.19434,0.0],[20.73356,2.19452,0.0],[20.73312,2.19469,0.0],[20.73282,2.19469,0.0],[20.73184,2.19451,0.0],[20.73156,2.19443,0.0],[20.73123,2.19434,0.0],[20.73082,2.19422,0.0],[20.73068,2.19420,0.0],[20.73017,2.19412,0.0],[20.73002,2.19410,0.0],[20.72984,2.19407,0.0],[20.72961,2.19406,0.0],[20.72898,2.19402,0.0],[20.72832,2.19405,0.0],[20.72795,2.19411,0.0],[20.72783,2.19413,0.0],[20.72771,2.19417,0.0],[20.72756,2.19422,0.0],[20.72740,2.19428,0.0],[20.72706,2.19455,0.0],[20.72700,2.19461,0.0],[20.72686,2.19475,0.0],[20.72641,2.19518,0.0],[20.72628,2.19531,0.0],[20.72613,2.19551,0.0],[20.72606,2.19560,0.0],[20.72593,2.19578,0.0],[20.72574,2.19611,0.0],[20.72552,2.19640,0.0],[20.72539,2.19651,0.0],[20.72527,2.19661,0.0],[20.72469,2.19683,0.0],[20.72435,2.19691,0.0],[20.72421,2.19694,0.0],[20.72384,2.19701,0.0],[20.72349,2.19705,0.0],[20.72307,2.19710,0.0],[20.72270,2.19714,0.0],[20.72260,2.19715,0.0],[20.72234,2.19719,0.0],[20.72217,2.19722,0.0],[20.72202,2.19724,0.0],[20.72150,2.19733,0.0],[20.72133,2.19735,0.0],[20.72078,2.19739,0.0],[20.72058,2.19741,0.0],[20.72027,2.19739,0.0],[20.72018,2.19737,0.0],[20.72015,2.19736,0.0],[20.71960,2.19727,0.0],[20.71869,2.19696,0.0],[20.71848,2.19687,0.0],[20.71814,2.19673,0.0],[20.71730,2.19637,0.0],[20.71667,2.19612,0.0],[20.71610,2.19601,0.0],[20.71524,2.19588,0.0],[20.71456,2.19588,0.0],[20.71428,2.19586,0.0],[20.71397,2.19585,0.0],[20.71365,2.19579,0.0],[20.71273,2.19569,0.0],[20.71209,2.19557,0.0],[20.71180,2.19552,0.0],[20.71107,2.19534,0.0],[20.71056,2.19517,0.0],[20.71004,2.19490,0.0],[20.70861,2.19399,0.0],[20.70847,2.19391,0.0],[20.70728,2.19324,0.0],[20.70670,2.19283,0.0],[20.70664,2.19280,0.0],[20.70647,2.19271,0.0],[20.70625,2.19260,0.0],[20.70612,2.19253,0.0],[20.70582,2.19240,0.0],[20.70566,2.19233,0.0],[20.70547,2.19224,0.0],[20.70517,2.19210,0.0],[20.70498,2.19202,0.0],[20.70492,2.19199,0.0],[20.70466,2.19187,0.0],[20.70412,2.19163,0.0],[20.70409,2.19161,0.0],[20.70363,2.19144,0.0],[20.70357,2.19142,0.0],[20.70335,2.19134,0.0],[20.70288,2.19117,0.0],[20.70274,2.19112,0.0],[20.70258,2.19106,0.0],[20.70234,2.19099,0.0],[20.70232,2.19098,0.0],[20.70222,2.19095,0.0],[20.70203,2.19090,0.0],[20.70188,2.19087,0.0],[20.70185,2.19086,0.0],[20.70169,2.19083,0.0],[20.70163,2.19082,0.0],[20.70124,2.19076,0.0],[20.70096,2.19071,0.0],[20.70094,2.19071,0.0],[20.70074,2.19067,0.0],[20.70061,2.19064,0.0],[20.70026,2.19052,0.0],[20.69983,2.19045,0.0],[20.69964,2.19042,0.0],[20.69950,2.19038,0.0],[20.69909,2.19032,0.0],[20.69905,2.19032,0.0],[20.69874,2.19031,0.0],[20.69862,2.19031,0.0],[20.69845,2.19031,0.0],[20.69785,2.19045,0.0],[20.69740,2.19059,0.0],[20.69686,2.19076,0.0],[20.69684,2.19077,0.0],[20.69554,2.19104,0.0],[20.69194,2.19157,0.0],[20.68772,2.19243,0.0],[20.68692,2.19255,0.0],[20.68601,2.19265,0.0],[20.68351,2.19259,0.0],[20.67589,2.19103,0.0],[20.67494,2.19101,0.0],[20.67438,2.19109,0.0],[20.67376,2.19106,0.0],[20.67300,2.19070,0.0],[20.67143,2.18986,0.0],[20.67099,2.18960,0.0],[20.67053,2.18920,0.0],[20.66947,2.18850,0.0],[20.66694,2.18712,0.0],[20.66592,2.18656,0.0],[20.66527,2.18601,0.0],[20.66481,2.18558,0.0],[20.66442,2.18509,0.0],[20.66258,2.18214,0.0],[20.66225,2.18156,0.0],[20.66219,2.18120,0.0],[20.66231,2.18010,0.0],[20.66230,2.17993,0.0],[20.66226,2.17982,0.0],[20.66172,2.17915,0.0],[20.66165,2.17907,0.0],[20.66128,2.17891,0.0],[20.66078,2.17892,0.0],[20.66013,2.17895,0.0],[20.65928,2.17881,0.0],[20.65887,2.17875,0.0],[20.65862,2.17869,0.0],[20.65735,2.17818,0.0],[20.65668,2.17809,0.0],[20.65638,2.17813,0.0],[20.65610,2.17817,0.0],[20.65596,2.17822,0.0],[20.65549,2.17839,0.0],[20.65494,2.17875,0.0],[20.65281,2.17971,0.0],[20.65238,2.17989,0.0],[20.65042,2.18072,0.0],[20.64997,2.18089,0.0],[20.64922,2.18090,0.0],[20.64903,2.18089,0.0],[20.64885,2.18088,0.0],[20.64862,2.18087,0.0],[20.64835,2.18085,0.0],[20.64744,2.18071,0.0],[20.64712,2.18062,0.0],[20.64685,2.18055,0.0],[20.64596,2.18032,0.0],[20.64501,2.17988,0.0],[20.64454,2.17967,0.0],[20.64410,2.17934,0.0],[20.64382,2.17914,0.0],[20.64374,2.17908,0.0],[20.64367,2.17902,0.0],[20.64325,2.17869,0.0],[20.64168,2.17748,0.0],[20.64163,2.17743,0.0],[20.64153,2.17733,0.0],[20.64146,2.17727,0.0],[20.64130,2.17715,0.0],[20.64109,2.17694,0.0],[20.64098,2.17683,0.0],[20.64090,2.17675,0.0],[20.64086,2.17671,0.0],[20.64055,2.17640,0.0],[20.64047,2.17630,0.0],[20.63969,2.17526,0.0],[20.63928,2.17486,0.0],[20.63782,2.17395,0.0],[20.63700,2.17335,0.0],[20.63532,2.17154,0.0],[20.63364,2.17011,0.0],[20.63321,2.16968,0.0],[20.63248,2.16889,0.0],[20.63203,2.16858,0.0],[20.63166,2.16832,0.0],[20.63108,2.16808,0.0],[20.63002,2.16777,0.0],[20.62924,2.16770,0.0],[20.62773,2.16730,0.0],[20.62648,2.16690,0.0],[20.62536,2.16637,0.0],[20.62459,2.16584,0.0],[20.62349,2.16524,0.0],[20.62281,2.16498,0.0],[20.62176,2.16465,0.0],[20.62069,2.16449,0.0],[20.61992,2.16450,0.0],[20.61906,2.16464,0.0],[20.61820,2.16470,0.0],[20.61743,2.16476,0.0],[20.61671,2.16460,0.0],[20.61534,2.16455,0.0],[20.61415,2.16455,0.0],[20.61352,2.16444,0.0],[20.61303,2.16411,0.0],[20.61118,2.16183,0.0],[20.61107,2.16173,0.0],[20.61065,2.16136,0.0],[20.61053,2.16124,0.0],[20.61046,2.16118,0.0],[20.61022,2.16095,0.0],[20.61018,2.16088,0.0],[20.60912,2.15979,0.0],[20.60827,2.15919,0.0],[20.60649,2.15763,0.0],[20.60587,2.15722,0.0],[20.60535,2.15706,0.0],[20.60299,2.15692,0.0],[20.60201,2.15688,0.0],[20.60190,2.15689,0.0],[20.60160,2.15697,0.0],[20.60035,2.15778,0.0],[20.59955,2.15835,0.0],[20.59943,2.15841,0.0],[20.59909,2.15846,0.0],[20.59797,2.15855,0.0],[20.59753,2.15869,0.0],[20.59730,2.15901,0.0],[20.59693,2.16070,0.0],[20.59659,2.16151,0.0],[20.59630,2.16195,0.0],[20.59587,2.16222,0.0],[20.59528,2.16233,0.0],[20.59320,2.16278,0.0],[20.59247,2.16306,0.0],[20.59162,2.16371,0.0],[20.59096,2.16402,0.0],[20.58997,2.16433,0.0],[20.58938,2.16476,0.0],[20.58882,2.16544,0.0],[20.58811,2.16586,0.0],[20.58706,2.16620,0.0],[20.58563,2.16635,0.0],[20.58439,2.16630,0.0],[20.58311,2.16597,0.0],[20.58221,2.16595,0.0],[20.58098,2.16614,0.0],[20.58061,2.16623,0.0],[20.58019,2.16641,0.0],[20.57945,2.16687,0.0],[20.57813,2.16757,0.0],[20.57737,2.16789,0.0],[20.57677,2.16830,0.0],[20.57606,2.16878,0.0],[20.57441,2.16955,0.0],[20.57411,2.16972,0.0],[20.57344,2.17033,0.0],[20.57271,2.17084,0.0],[20.57169,2.17135,0.0],[20.57080,2.17164,0.0],[20.56963,2.17187,0.0],[20.56855,2.17198,0.0],[20.56793,2.17199,0.0],[20.56717,2.17193,0.0],[20.56433,2.17106,0.0],[20.56287,2.17047,0.0],[20.56096,2.16962,0.0],[20.55849,2.16827,0.0],[20.55790,2.16794,0.0],[20.55665,2.16724,0.0],[20.55612,2.16694,0.0],[20.55589,2.16682,0.0],[20.55540,2.16667,0.0],[20.55523,2.16662,0.0],[20.55425,2.16641,0.0],[20.55367,2.16631,0.0],[20.55344,2.16633,0.0],[20.55319,2.16648,0.0],[20.55293,2.16679,0.0],[20.55237,2.16775,0.0],[20.55171,2.16905,0.0],[20.55121,2.17017,0.0],[20.55098,2.17104,0.0],[20.55073,2.17241,0.0],[20.55050,2.17314,0.0],[20.54998,2.17412,0.0],[20.54966,2.17486,0.0],[20.54924,2.17615,0.0],[20.54877,2.17789,0.0],[20.54852,2.17840,0.0],[20.54820,2.1789,0.0],[20.54785,2.17926,0.0],[20.54757,2.17956,0.0],[20.54676,2.18034,0.0],[20.54613,2.18097,0.0],[20.54584,2.18117,0.0],[20.54536,2.18136,0.0],[20.54368,2.18158,0.0],[20.54292,2.18177,0.0],[20.54213,2.18219,0.0],[20.54023,2.18323,0.0],[20.53926,2.18400,0.0],[20.53802,2.18482,0.0],[20.53668,2.18588,0.0],[20.53579,2.18684,0.0],[20.53498,2.18797,0.0],[20.53448,2.18828,0.0],[20.53314,2.18877,0.0],[20.53281,2.18893,0.0],[20.53237,2.18940,0.0],[20.53136,2.19127,0.0],[20.52993,2.19387,0.0],[20.52935,2.19481,0.0],[20.52905,2.19572,0.0],[20.52888,2.19705,0.0],[20.52870,2.19996,0.0],[20.52860,2.20211,0.0],[20.52852,2.20305,0.0],[20.52807,2.20648,0.0],[20.52801,2.20724,0.0],[20.52816,2.20842,0.0],[20.52822,2.20952,0.0],[20.52807,2.21010,0.0],[20.52781,2.21071,0.0],[20.52732,2.21177,0.0],[20.52712,2.21241,0.0],[20.52709,2.21274,0.0],[20.52713,2.21315,0.0],[20.52727,2.21364,0.0],[20.52735,2.21417,0.0],[20.52736,2.21471,0.0],[20.52726,2.21537,0.0],[20.52695,2.21680,0.0],[20.52679,2.21816,0.0],[20.52664,2.21878,0.0],[20.52636,2.21956,0.0],[20.52628,2.21979,0.0],[20.52579,2.22080,0.0],[20.52537,2.22143,0.0],[20.52480,2.22191,0.0],[20.52262,2.22319,0.0],[20.52049,2.22441,0.0],[20.52017,2.22463,0.0],[20.51924,2.22547,0.0],[20.51901,2.22569,0.0],[20.51826,2.22640,0.0],[20.51774,2.22713,0.0],[20.51751,2.22741,0.0],[20.51654,2.22810,0.0],[20.51590,2.22845,0.0],[20.51466,2.22909,0.0],[20.51421,2.22939,0.0],[20.51284,2.23071,0.0],[20.51200,2.23140,0.0],[20.51055,2.23236,0.0],[20.51023,2.23267,0.0],[20.50867,2.23472,0.0],[20.50803,2.23536,0.0],[20.50588,2.23696,0.0],[20.50512,2.23748,0.0],[20.50468,2.23773,0.0],[20.50409,2.23781,0.0],[20.50266,2.23784,0.0],[20.50074,2.23785,0.0],[20.49992,2.23791,0.0],[20.49956,2.23797,0.0],[20.49891,2.23832,0.0],[20.49790,2.23892,0.0],[20.49609,2.24026,0.0],[20.49451,2.24144,0.0],[20.49409,2.24176,0.0],[20.49352,2.24200,0.0],[20.49184,2.24262,0.0],[20.49103,2.24308,0.0],[20.48950,2.24395,0.0],[20.48902,2.24435,0.0],[20.48801,2.24517,0.0],[20.48722,2.24589,0.0],[20.48515,2.24822,0.0],[20.48484,2.24871,0.0],[20.48435,2.24999,0.0],[20.48411,2.25057,0.0],[20.48358,2.25129,0.0],[20.48304,2.25174,0.0],[20.48158,2.25265,0.0],[20.48089,2.25319,0.0],[20.48053,2.25355,0.0],[20.48020,2.25401,0.0],[20.47995,2.25459,0.0],[20.47972,2.25547,0.0],[20.47941,2.25754,0.0],[20.47910,2.25947,0.0],[20.47895,2.26047,0.0],[20.47882,2.26102,0.0],[20.47875,2.26189,0.0]]}},{"type":"Feature","properties":{"phase_nom":"Phase 3 - Batanga-Libenge-Boyabo","longueur_km":12.5,"phase":3},"geometry":{"type":"LineString","coordinates":[[18.62967,3.63979,0.0],[18.62964,3.63992,0.0],[18.62956,3.64074,0.0],[18.62995,3.64071,0.0],[18.63015,3.64102,0.0],[18.63039,3.64120,0.0],[18.63063,3.64139,0.0],[18.63086,3.64147,0.0],[18.63107,3.64164,0.0],[18.63140,3.64176,0.0],[18.63156,3.64270,0.0],[18.63169,3.64344,0.0],[18.63186,3.64420,0.0],[18.63188,3.64431,0.0],[18.63197,3.64464,0.0],[18.63202,3.64539,0.0],[18.63200,3.64561,0.0],[18.63205,3.64596,0.0],[18.63210,3.64637,0.0],[18.63217,3.64693,0.0],[18.63215,3.64719,0.0],[18.63215,3.64761,0.0],[18.63217,3.64798,0.0],[18.63219,3.64834,0.0],[18.63221,3.64860,0.0],[18.63222,3.64935,0.0],[18.63226,3.64999,0.0],[18.63262,3.64996,0.0],[18.63321,3.64998,0.0],[18.63378,3.65025,0.0],[18.63414,3.65044,0.0],[18.63438,3.65084,0.0],[18.63460,3.65134,0.0],[18.63484,3.65172,0.0],[18.63494,3.65237,0.0],[18.63493,3.65274,0.0],[18.63494,3.65334,0.0],[18.63501,3.65374,0.0],[18.63504,3.65393,0.0],[18.63508,3.65453,0.0],[18.63549,3.65452,0.0],[18.63550,3.65476,0.0],[18.63555,3.65535,0.0],[18.63556,3.65578,0.0],[18.63557,3.65616,0.0],[18.63558,3.65662,0.0],[18.63560,3.65701,0.0],[18.63561,3.65727,0.0],[18.63567,3.65734,0.0],[18.63578,3.65741,0.0],[18.63595,3.65746,0.0],[18.63628,3.65744,0.0],[18.63636,3.65748,0.0],[18.63725,3.65736,0.0],[18.63812,3.65734,0.0],[18.63815,3.65773,0.0],[18.63822,3.65856,0.0],[18.63833,3.65939,0.0],[18.63838,3.65983,0.0],[18.63844,3.66027,0.0],[18.63850,3.66100,0.0],[18.63851,3.66116,0.0],[18.63857,3.66187,0.0],[18.63861,3.66238,0.0],[18.63861,3.66254,0.0],[18.63862,3.66272,0.0],[18.63865,3.66294,0.0],[18.63882,3.66359,0.0],[18.63895,3.66417,0.0],[18.63898,3.66440,0.0],[18.63903,3.66490,0.0],[18.63923,3.66601,0.0],[18.63929,3.66642,0.0],[18.63930,3.66693,0.0],[18.63925,3.66736,0.0],[18.63925,3.66771,0.0],[18.63939,3.66939,0.0],[18.63949,3.67086,0.0],[18.63946,3.67296,0.0],[18.63951,3.67430,0.0],[18.63979,3.67542,0.0],[18.64024,3.67732,0.0],[18.64126,3.68135,0.0],[18.64161,3.68303,0.0],[18.64194,3.6841,0.0],[18.6421,3.68472,0.0],[18.64215,3.68531,0.0],[18.64213,3.68563,0.0],[18.64203,3.68648,0.0],[18.64185,3.68692,0.0],[18.64168,3.68719,0.0],[18.64148,3.68741,0.0],[18.64118,3.68772,0.0],[18.64089,3.68800,0.0],[18.64057,3.68836,0.0],[18.64005,3.68899,0.0],[18.63985,3.68924,0.0],[18.63966,3.68948,0.0],[18.63907,3.69038,0.0],[18.63809,3.69187,0.0],[18.63708,3.69344,0.0],[18.63653,3.69421,0.0],[18.63630,3.69467,0.0],[18.63426,3.69730,0.0],[18.63348,3.69835,0.0],[18.63298,3.69895,0.0],[18.63265,3.69959,0.0],[18.63228,3.70019,0.0],[18.63167,3.70085,0.0],[18.63120,3.70147,0.0],[18.63001,3.70339,0.0],[18.62945,3.70408,0.0],[18.62897,3.70445,0.0],[18.62822,3.70489,0.0],[18.62725,3.70552,0.0],[18.62634,3.70610,0.0],[18.62558,3.70652,0.0],[18.62467,3.70694,0.0],[18.62196,3.70845,0.0],[18.62138,3.70893,0.0],[18.61834,3.71072,0.0],[18.61734,3.71135,0.0],[18.61545,3.71247,0.0],[18.61387,3.71336,0.0],[18.61187,3.71447,0.0],[18.61176,3.71458,0.0],[18.61133,3.71438,0.0],[18.61071,3.71408,0.0],[18.60989,3.71377,0.0],[18.60923,3.71356,0.0],[18.60869,3.71341,0.0],[18.60830,3.71310,0.0],[18.60774,3.71242,0.0],[18.60728,3.71185,0.0],[18.60674,3.71144,0.0],[18.60595,3.71088,0.0],[18.60521,3.71035,0.0],[18.60479,3.71013,0.0],[18.60405,3.71011,0.0],[18.60167,3.71023,0.0],[18.60044,3.71022,0.0],[18.59988,3.71016,0.0],[18.59902,3.70980,0.0],[18.59825,3.70953,0.0],[18.59784,3.70964,0.0],[18.59707,3.70980,0.0],[18.59641,3.70977,0.0],[18.59560,3.70995,0.0]]}}]}